CREATE DATABASE  IF NOT EXISTS `wistinerary` /*!40100 DEFAULT CHARACTER SET utf8mb4 COLLATE utf8mb4_0900_ai_ci */ /*!80016 DEFAULT ENCRYPTION='N' */;
USE `wistinerary`;
-- MySQL dump 10.13  Distrib 8.0.34, for Win64 (x86_64)
--
-- Host: 127.0.0.1    Database: wistinerary
-- ------------------------------------------------------
-- Server version	8.0.35

/*!40101 SET @OLD_CHARACTER_SET_CLIENT=@@CHARACTER_SET_CLIENT */;
/*!40101 SET @OLD_CHARACTER_SET_RESULTS=@@CHARACTER_SET_RESULTS */;
/*!40101 SET @OLD_COLLATION_CONNECTION=@@COLLATION_CONNECTION */;
/*!50503 SET NAMES utf8 */;
/*!40103 SET @OLD_TIME_ZONE=@@TIME_ZONE */;
/*!40103 SET TIME_ZONE='+00:00' */;
/*!40014 SET @OLD_UNIQUE_CHECKS=@@UNIQUE_CHECKS, UNIQUE_CHECKS=0 */;
/*!40014 SET @OLD_FOREIGN_KEY_CHECKS=@@FOREIGN_KEY_CHECKS, FOREIGN_KEY_CHECKS=0 */;
/*!40101 SET @OLD_SQL_MODE=@@SQL_MODE, SQL_MODE='NO_AUTO_VALUE_ON_ZERO' */;
/*!40111 SET @OLD_SQL_NOTES=@@SQL_NOTES, SQL_NOTES=0 */;

--
-- Table structure for table `anggota`
--

DROP TABLE IF EXISTS `anggota`;
/*!40101 SET @saved_cs_client     = @@character_set_client */;
/*!50503 SET character_set_client = utf8mb4 */;
CREATE TABLE `anggota` (
  `anggotaKODE` int NOT NULL,
  `anggotaNAMA` varchar(60) NOT NULL,
  `anggotaHP` varchar(15) NOT NULL,
  `anggotaEMAIL` varchar(60) NOT NULL,
  `anggotaPASSWORD` varchar(60) NOT NULL,
  PRIMARY KEY (`anggotaKODE`),
  UNIQUE KEY `anggotaEMAIL` (`anggotaEMAIL`)
) ENGINE=InnoDB DEFAULT CHARSET=utf8mb4 COLLATE=utf8mb4_0900_ai_ci;
/*!40101 SET character_set_client = @saved_cs_client */;

--
-- Dumping data for table `anggota`
--

LOCK TABLES `anggota` WRITE;
/*!40000 ALTER TABLE `anggota` DISABLE KEYS */;
INSERT INTO `anggota` VALUES (1,'user01','019999999','user01@gmail.com','ElnylOqtIGSdm8lvgBPTRPSPrgA=');
/*!40000 ALTER TABLE `anggota` ENABLE KEYS */;
UNLOCK TABLES;

--
-- Table structure for table `auth_group`
--

DROP TABLE IF EXISTS `auth_group`;
/*!40101 SET @saved_cs_client     = @@character_set_client */;
/*!50503 SET character_set_client = utf8mb4 */;
CREATE TABLE `auth_group` (
  `id` int NOT NULL AUTO_INCREMENT,
  `name` varchar(150) NOT NULL,
  PRIMARY KEY (`id`),
  UNIQUE KEY `name` (`name`)
) ENGINE=InnoDB DEFAULT CHARSET=utf8mb4 COLLATE=utf8mb4_0900_ai_ci;
/*!40101 SET character_set_client = @saved_cs_client */;

--
-- Dumping data for table `auth_group`
--

LOCK TABLES `auth_group` WRITE;
/*!40000 ALTER TABLE `auth_group` DISABLE KEYS */;
/*!40000 ALTER TABLE `auth_group` ENABLE KEYS */;
UNLOCK TABLES;

--
-- Table structure for table `auth_group_permissions`
--

DROP TABLE IF EXISTS `auth_group_permissions`;
/*!40101 SET @saved_cs_client     = @@character_set_client */;
/*!50503 SET character_set_client = utf8mb4 */;
CREATE TABLE `auth_group_permissions` (
  `id` bigint NOT NULL AUTO_INCREMENT,
  `group_id` int NOT NULL,
  `permission_id` int NOT NULL,
  PRIMARY KEY (`id`),
  UNIQUE KEY `auth_group_permissions_group_id_permission_id_0cd325b0_uniq` (`group_id`,`permission_id`),
  KEY `auth_group_permissio_permission_id_84c5c92e_fk_auth_perm` (`permission_id`),
  CONSTRAINT `auth_group_permissio_permission_id_84c5c92e_fk_auth_perm` FOREIGN KEY (`permission_id`) REFERENCES `auth_permission` (`id`),
  CONSTRAINT `auth_group_permissions_group_id_b120cbf9_fk_auth_group_id` FOREIGN KEY (`group_id`) REFERENCES `auth_group` (`id`)
) ENGINE=InnoDB DEFAULT CHARSET=utf8mb4 COLLATE=utf8mb4_0900_ai_ci;
/*!40101 SET character_set_client = @saved_cs_client */;

--
-- Dumping data for table `auth_group_permissions`
--

LOCK TABLES `auth_group_permissions` WRITE;
/*!40000 ALTER TABLE `auth_group_permissions` DISABLE KEYS */;
/*!40000 ALTER TABLE `auth_group_permissions` ENABLE KEYS */;
UNLOCK TABLES;

--
-- Table structure for table `auth_permission`
--

DROP TABLE IF EXISTS `auth_permission`;
/*!40101 SET @saved_cs_client     = @@character_set_client */;
/*!50503 SET character_set_client = utf8mb4 */;
CREATE TABLE `auth_permission` (
  `id` int NOT NULL AUTO_INCREMENT,
  `name` varchar(255) NOT NULL,
  `content_type_id` int NOT NULL,
  `codename` varchar(100) NOT NULL,
  PRIMARY KEY (`id`),
  UNIQUE KEY `auth_permission_content_type_id_codename_01ab375a_uniq` (`content_type_id`,`codename`),
  CONSTRAINT `auth_permission_content_type_id_2f476e4b_fk_django_co` FOREIGN KEY (`content_type_id`) REFERENCES `django_content_type` (`id`)
) ENGINE=InnoDB AUTO_INCREMENT=85 DEFAULT CHARSET=utf8mb4 COLLATE=utf8mb4_0900_ai_ci;
/*!40101 SET character_set_client = @saved_cs_client */;

--
-- Dumping data for table `auth_permission`
--

LOCK TABLES `auth_permission` WRITE;
/*!40000 ALTER TABLE `auth_permission` DISABLE KEYS */;
INSERT INTO `auth_permission` VALUES (1,'Can add log entry',1,'add_logentry'),(2,'Can change log entry',1,'change_logentry'),(3,'Can delete log entry',1,'delete_logentry'),(4,'Can view log entry',1,'view_logentry'),(5,'Can add permission',2,'add_permission'),(6,'Can change permission',2,'change_permission'),(7,'Can delete permission',2,'delete_permission'),(8,'Can view permission',2,'view_permission'),(9,'Can add group',3,'add_group'),(10,'Can change group',3,'change_group'),(11,'Can delete group',3,'delete_group'),(12,'Can view group',3,'view_group'),(13,'Can add user',4,'add_user'),(14,'Can change user',4,'change_user'),(15,'Can delete user',4,'delete_user'),(16,'Can view user',4,'view_user'),(17,'Can add content type',5,'add_contenttype'),(18,'Can change content type',5,'change_contenttype'),(19,'Can delete content type',5,'delete_contenttype'),(20,'Can view content type',5,'view_contenttype'),(21,'Can add session',6,'add_session'),(22,'Can change session',6,'change_session'),(23,'Can delete session',6,'delete_session'),(24,'Can view session',6,'view_session'),(25,'Can add pengelola',7,'add_pengelola'),(26,'Can change pengelola',7,'change_pengelola'),(27,'Can delete pengelola',7,'delete_pengelola'),(28,'Can view pengelola',7,'view_pengelola'),(29,'Can add provinsi',8,'add_provinsi'),(30,'Can change provinsi',8,'change_provinsi'),(31,'Can delete provinsi',8,'delete_provinsi'),(32,'Can view provinsi',8,'view_provinsi'),(33,'Can add anggota',9,'add_anggota'),(34,'Can change anggota',9,'change_anggota'),(35,'Can delete anggota',9,'delete_anggota'),(36,'Can view anggota',9,'view_anggota'),(37,'Can add kabupaten',10,'add_kabupaten'),(38,'Can change kabupaten',10,'change_kabupaten'),(39,'Can delete kabupaten',10,'delete_kabupaten'),(40,'Can view kabupaten',10,'view_kabupaten'),(41,'Can add kecamatan',11,'add_kecamatan'),(42,'Can change kecamatan',11,'change_kecamatan'),(43,'Can delete kecamatan',11,'delete_kecamatan'),(44,'Can view kecamatan',11,'view_kecamatan'),(45,'Can add berita',12,'add_berita'),(46,'Can change berita',12,'change_berita'),(47,'Can delete berita',12,'delete_berita'),(48,'Can view berita',12,'view_berita'),(49,'Can add obyekwisata',13,'add_obyekwisata'),(50,'Can change obyekwisata',13,'change_obyekwisata'),(51,'Can delete obyekwisata',13,'delete_obyekwisata'),(52,'Can view obyekwisata',13,'view_obyekwisata'),(53,'Can add kegiatan',14,'add_kegiatan'),(54,'Can change kegiatan',14,'change_kegiatan'),(55,'Can delete kegiatan',14,'delete_kegiatan'),(56,'Can view kegiatan',14,'view_kegiatan'),(57,'Can add kategoriwisata',15,'add_kategoriwisata'),(58,'Can change kategoriwisata',15,'change_kategoriwisata'),(59,'Can delete kategoriwisata',15,'delete_kategoriwisata'),(60,'Can view kategoriwisata',15,'view_kategoriwisata'),(61,'Can add kategoriberita',16,'add_kategoriberita'),(62,'Can change kategoriberita',16,'change_kategoriberita'),(63,'Can delete kategoriberita',16,'delete_kategoriberita'),(64,'Can view kategoriberita',16,'view_kategoriberita'),(65,'Can add jarakobyek',17,'add_jarakobyek'),(66,'Can change jarakobyek',17,'change_jarakobyek'),(67,'Can delete jarakobyek',17,'delete_jarakobyek'),(68,'Can view jarakobyek',17,'view_jarakobyek'),(69,'Can add hasilitinerary',18,'add_hasilitinerary'),(70,'Can change hasilitinerary',18,'change_hasilitinerary'),(71,'Can delete hasilitinerary',18,'delete_hasilitinerary'),(72,'Can view hasilitinerary',18,'view_hasilitinerary'),(73,'Can add skipitinerary',19,'add_skipitinerary'),(74,'Can change skipitinerary',19,'change_skipitinerary'),(75,'Can delete skipitinerary',19,'delete_skipitinerary'),(76,'Can view skipitinerary',19,'view_skipitinerary'),(77,'Can add headeritinerary',20,'add_headeritinerary'),(78,'Can change headeritinerary',20,'change_headeritinerary'),(79,'Can delete headeritinerary',20,'delete_headeritinerary'),(80,'Can view headeritinerary',20,'view_headeritinerary'),(81,'Can add detailitinerary',21,'add_detailitinerary'),(82,'Can change detailitinerary',21,'change_detailitinerary'),(83,'Can delete detailitinerary',21,'delete_detailitinerary'),(84,'Can view detailitinerary',21,'view_detailitinerary');
/*!40000 ALTER TABLE `auth_permission` ENABLE KEYS */;
UNLOCK TABLES;

--
-- Table structure for table `auth_user`
--

DROP TABLE IF EXISTS `auth_user`;
/*!40101 SET @saved_cs_client     = @@character_set_client */;
/*!50503 SET character_set_client = utf8mb4 */;
CREATE TABLE `auth_user` (
  `id` int NOT NULL AUTO_INCREMENT,
  `password` varchar(128) NOT NULL,
  `last_login` datetime(6) DEFAULT NULL,
  `is_superuser` tinyint(1) NOT NULL,
  `username` varchar(150) NOT NULL,
  `first_name` varchar(150) NOT NULL,
  `last_name` varchar(150) NOT NULL,
  `email` varchar(254) NOT NULL,
  `is_staff` tinyint(1) NOT NULL,
  `is_active` tinyint(1) NOT NULL,
  `date_joined` datetime(6) NOT NULL,
  PRIMARY KEY (`id`),
  UNIQUE KEY `username` (`username`)
) ENGINE=InnoDB DEFAULT CHARSET=utf8mb4 COLLATE=utf8mb4_0900_ai_ci;
/*!40101 SET character_set_client = @saved_cs_client */;

--
-- Dumping data for table `auth_user`
--

LOCK TABLES `auth_user` WRITE;
/*!40000 ALTER TABLE `auth_user` DISABLE KEYS */;
/*!40000 ALTER TABLE `auth_user` ENABLE KEYS */;
UNLOCK TABLES;

--
-- Table structure for table `auth_user_groups`
--

DROP TABLE IF EXISTS `auth_user_groups`;
/*!40101 SET @saved_cs_client     = @@character_set_client */;
/*!50503 SET character_set_client = utf8mb4 */;
CREATE TABLE `auth_user_groups` (
  `id` bigint NOT NULL AUTO_INCREMENT,
  `user_id` int NOT NULL,
  `group_id` int NOT NULL,
  PRIMARY KEY (`id`),
  UNIQUE KEY `auth_user_groups_user_id_group_id_94350c0c_uniq` (`user_id`,`group_id`),
  KEY `auth_user_groups_group_id_97559544_fk_auth_group_id` (`group_id`),
  CONSTRAINT `auth_user_groups_group_id_97559544_fk_auth_group_id` FOREIGN KEY (`group_id`) REFERENCES `auth_group` (`id`),
  CONSTRAINT `auth_user_groups_user_id_6a12ed8b_fk_auth_user_id` FOREIGN KEY (`user_id`) REFERENCES `auth_user` (`id`)
) ENGINE=InnoDB DEFAULT CHARSET=utf8mb4 COLLATE=utf8mb4_0900_ai_ci;
/*!40101 SET character_set_client = @saved_cs_client */;

--
-- Dumping data for table `auth_user_groups`
--

LOCK TABLES `auth_user_groups` WRITE;
/*!40000 ALTER TABLE `auth_user_groups` DISABLE KEYS */;
/*!40000 ALTER TABLE `auth_user_groups` ENABLE KEYS */;
UNLOCK TABLES;

--
-- Table structure for table `auth_user_user_permissions`
--

DROP TABLE IF EXISTS `auth_user_user_permissions`;
/*!40101 SET @saved_cs_client     = @@character_set_client */;
/*!50503 SET character_set_client = utf8mb4 */;
CREATE TABLE `auth_user_user_permissions` (
  `id` bigint NOT NULL AUTO_INCREMENT,
  `user_id` int NOT NULL,
  `permission_id` int NOT NULL,
  PRIMARY KEY (`id`),
  UNIQUE KEY `auth_user_user_permissions_user_id_permission_id_14a6b632_uniq` (`user_id`,`permission_id`),
  KEY `auth_user_user_permi_permission_id_1fbb5f2c_fk_auth_perm` (`permission_id`),
  CONSTRAINT `auth_user_user_permi_permission_id_1fbb5f2c_fk_auth_perm` FOREIGN KEY (`permission_id`) REFERENCES `auth_permission` (`id`),
  CONSTRAINT `auth_user_user_permissions_user_id_a95ead1b_fk_auth_user_id` FOREIGN KEY (`user_id`) REFERENCES `auth_user` (`id`)
) ENGINE=InnoDB DEFAULT CHARSET=utf8mb4 COLLATE=utf8mb4_0900_ai_ci;
/*!40101 SET character_set_client = @saved_cs_client */;

--
-- Dumping data for table `auth_user_user_permissions`
--

LOCK TABLES `auth_user_user_permissions` WRITE;
/*!40000 ALTER TABLE `auth_user_user_permissions` DISABLE KEYS */;
/*!40000 ALTER TABLE `auth_user_user_permissions` ENABLE KEYS */;
UNLOCK TABLES;

--
-- Table structure for table `berita`
--

DROP TABLE IF EXISTS `berita`;
/*!40101 SET @saved_cs_client     = @@character_set_client */;
/*!50503 SET character_set_client = utf8mb4 */;
CREATE TABLE `berita` (
  `beritaKODE` varchar(11) NOT NULL,
  `beritaJUDUL` varchar(255) NOT NULL,
  `beritaISI` longtext,
  `beritaISI2` longtext,
  `beritaSUMBER` varchar(255) DEFAULT NULL,
  `beritaPENULIS` varchar(60) DEFAULT NULL,
  `beritaTGL` date DEFAULT NULL,
  `beritaICONFOTO` varchar(255) DEFAULT NULL,
  `datecreated` date DEFAULT NULL,
  `dateupdated` date DEFAULT NULL,
  `eventKODE` varchar(10) DEFAULT NULL,
  `kabupatenKODE` varchar(5) DEFAULT NULL,
  `kategoriberitaKODE` varchar(4) DEFAULT NULL,
  `obyekKODE` varchar(12) DEFAULT NULL,
  `usercreated` varchar(3) DEFAULT NULL,
  `userupdated` varchar(3) DEFAULT NULL,
  PRIMARY KEY (`beritaKODE`),
  KEY `berita_eventKODE_1595e238_fk_kegiatan_eventKODE` (`eventKODE`),
  KEY `berita_kabupatenKODE_dbdae959_fk_kabupaten_kabupatenKODE` (`kabupatenKODE`),
  KEY `berita_kategoriberitaKODE_26727c42_fk_kategorib` (`kategoriberitaKODE`),
  KEY `berita_obyekKODE_872022d7_fk_obyekwisata_obyekKODE` (`obyekKODE`),
  KEY `berita_usercreated_51f41e73_fk_pengelola_pengelolaKODE` (`usercreated`),
  KEY `berita_userupdated_8578c705_fk_pengelola_pengelolaKODE` (`userupdated`),
  CONSTRAINT `berita_eventKODE_1595e238_fk_kegiatan_eventKODE` FOREIGN KEY (`eventKODE`) REFERENCES `kegiatan` (`eventKODE`),
  CONSTRAINT `berita_kabupatenKODE_dbdae959_fk_kabupaten_kabupatenKODE` FOREIGN KEY (`kabupatenKODE`) REFERENCES `kabupaten` (`kabupatenKODE`),
  CONSTRAINT `berita_kategoriberitaKODE_26727c42_fk_kategorib` FOREIGN KEY (`kategoriberitaKODE`) REFERENCES `kategoriberita` (`kategoriberitaKODE`),
  CONSTRAINT `berita_obyekKODE_872022d7_fk_obyekwisata_obyekKODE` FOREIGN KEY (`obyekKODE`) REFERENCES `obyekwisata` (`obyekKODE`),
  CONSTRAINT `berita_usercreated_51f41e73_fk_pengelola_pengelolaKODE` FOREIGN KEY (`usercreated`) REFERENCES `pengelola` (`pengelolaKODE`),
  CONSTRAINT `berita_userupdated_8578c705_fk_pengelola_pengelolaKODE` FOREIGN KEY (`userupdated`) REFERENCES `pengelola` (`pengelolaKODE`)
) ENGINE=InnoDB DEFAULT CHARSET=utf8mb4 COLLATE=utf8mb4_0900_ai_ci;
/*!40101 SET character_set_client = @saved_cs_client */;

--
-- Dumping data for table `berita`
--

LOCK TABLES `berita` WRITE;
/*!40000 ALTER TABLE `berita` DISABLE KEYS */;
INSERT INTO `berita` VALUES ('B0000000001','Bayi Badak Putih Afrika Lahir di Taman Safari Bogor, Diberi Nama Ramadani Jumat Agung','Seekor bayi badak putih Afrika lahir di Taman Safari Bogor dan diberi nama Ramadani Jumat Agung. Kelahirannya tercatat terjadi sekitar pukul 19.59 WIB, dari induk bernama Juma dan pejantan Merdeka. Setelah lahir, bayi badak tersebut langsung berdiri dan menyusu ke induknya secara alami. Pihak pengelola melakukan pemantauan ketat terhadap kesehatan dan perkembangan anak badak itu sejak dini.','','https://www.tempo.co/ramadhan/bayi-badak-putih-afrika-lahir-di-taman-safari-bogor-diberi-nama-ramadani-jumat-agung--199980','TEMPO.CO, Bogor','2023-04-09','B0000000001_Bayi Badak Putih Afrika.jpg','2025-09-27',NULL,NULL,'31.01','KB03','32.01.25-001','D01',NULL),('B0000000002','Keliling Dunia dalam Satu Lokasi di Nicole’s River Park Bogor','Nicole’s River Park Bogor adalah taman rekreasi keluarga dengan konsep “keliling dunia dalam satu lokasi”. Tempat ini menawarkan berbagai zona bertema seperti Nicole’s Castle bergaya Eropa, Deep Sea, Magic Forest, Santorini, Korean Street, Jepang dengan gerbang Torii, hingga Chinatown, lengkap dengan spot foto menarik dan wahana edukatif.\r\n\r\nFasilitasnya cukup lengkap, mulai dari parkiran luas, mushola, toilet, restoran & café, penyewaan kostum, factory outlet, hingga pabrik cokelat (Nicole’s Chocolaterie). Berlokasi di Jalan Yara Puncak – Cianjur No. 57, Megamendung, Bogor, tempat ini buka pukul 08.00–20.00 WIB (hari kerja) dan 07.00–20.00 WIB (akhir pekan), dengan tiket masuk reguler maupun terusan sesuai wahana yang dipilih.','','https://labirutour.com/blog/nicoles-river-park-bogor','Labirutour.com','2023-12-19','B0000000002_Nicole’s River Park Bogor.jpg','2025-09-26',NULL,NULL,'31.01','KB01','32.01.26-001','D01',NULL),('B0000000003','Bogor Juga Punya Kebun Raya Cibinong! Jendela Ekoregion Nusantara di Jantung Sains Indonesia','Kebun Raya Cibinong yang berada di dalam Kompleks Cibinong Science Center – Botanical Garden (CSC-BG), Kabupaten Bogor, memiliki luas sekitar 32 hektare dan dikelola oleh BRIN. Tempat ini awalnya dibuka sebagai taman ekologi pada tahun 2002 dan resmi dibuka untuk umum sebagai kebun raya pada 20 Desember 2019.Kebun raya ini menggunakan pendekatan ekoregion nusantara, di mana koleksi tanaman dikelompokkan berdasarkan asal pulau seperti Sumatra, Jawa, Kalimantan, Sulawesi, Maluku, Nusa Tenggara, hingga Papua. Fasilitas yang tersedia cukup lengkap, mulai dari danau Dora, ecodome, taman bermain, gedung konservasi dan pameran, area tanam, jalur jogging dan bersepeda, spot foto, area parkir, musala, gazebo, hingga pusat informasi tanaman. Harga tiket masuknya Rp15.000 pada hari biasa dan Rp25.000 saat akhir pekan, dengan tarif parkir menyesuaikan jenis kendaraan.','','https://bogor.jawapos.com/teras-bogor/2555886008/bogor-juga-punya-kebun-raya-cibinong-jendela-ekoregion-nusantara-di-jantung-sains-indonesia','Abdul Hamid Dhaifullah','2025-04-16','B0000000003_Kebun Raya Cibinong.jpg','2025-09-26','2025-09-26',NULL,'31.01','KB03','32.01.01-001','D01','D01'),('B0000000004','Curug Panjang di Bogor: Daya Tarik, Harga Tiket, dan Rute','Curug Panjang di Desa Megamendung, Bogor, terkenal karena aliran airnya yang mengalir miring di lereng Gunung Paseban, melewati beberapa curug lain sebelum bermuara. Airnya jernih kebiruan dengan kolam cukup dalam hingga sekitar 6 meter, cocok untuk berenang namun perlu kehati-hatian. Area sekitar curug juga menawarkan camping ground di tengah hutan pinus yang sejuk. Akses menuju curug memerlukan trekking sekitar 10–15 menit dari area parkir. Fasilitas yang tersedia meliputi kamar mandi, mushola, listrik, dan tempat parkir. Harga tiket masuk Rp15.000 per orang, dengan rute dari Jakarta melalui Tol Jagorawi – Puncak – Cilember – Pesantren, berjarak ±68 km dan ditempuh sekitar 1,5 jam.','','https://bandung.kompas.com/read/2023/10/02/215707478/curug-panjang-di-bogor-daya-tarik-harga-tiket-dan-rute?page=all','Dini Danaswari','2023-10-02','B0000000004_Curug Panjang di Bogor.jpg','2025-09-26',NULL,NULL,'31.01','KB03','32.01.26-002','D01',NULL),('B0000000005','Serasa di Negeri Dongeng, Dairyland Riverside Puncak Bogor Tawarkan Tempat Liburan dengan Suasana Berbeda','Dairyland Riverside Puncak Bogor menawarkan pengalaman liburan malam ala negeri dongeng dengan suasana hutan yang “glowing” dan pencahayaan estetik, cocok untuk foto-foto. Selain suasana visual, pengunjung bisa berinteraksi dengan burung hantu, mencoba aktivitas memanah, face painting, dan menikmati berbagai spot instagramable. Tempat ini berlokasi di Jalan Raya Puncak – Gadog KM 77 Ni.435, Leuwimalamg, Cisarua, Kabupaten Bogor. Harga tiket masuknya terjangkau: Rp25.000 untuk Dairyland Resto, dan Rp35.000 untuk Forest Walk. Fasilitas buka mulai pukul 08.00 hingga sekitar 20.30 atau 21.00, tergantung hari (weekday atau weekend).','','https://radarbogor.jawapos.com/wisata/2476287895/serasa-di-negeri-dongeng-dairyland-riverside-puncak-bogor-tawarkan-tempat-liburan-dengan-suasana-berbeda','Yosep Awaludin','2025-06-12','B0000000005_Dairyland Riverside Puncak Bogor.jpeg','2025-09-26',NULL,NULL,'31.01','KB03','32.01.25-006','D01',NULL),('B0000000006','Kulineran di The Lake House Puncak Bogor, Tempat Makan Estetik dengan View Hutan Pinus','The Lake House di kawasan Puncak, Cisarua, Bogor menghadirkan pengalaman kuliner yang berbeda dengan suasana alam tropis yang sejuk. Dikelilingi hutan pinus hijau, restoran ini dirancang dengan estetika modern bergaya rustic menggunakan kayu, kaca besar, dan batu ekspos. Area makan berada di atas kolam buatan sehingga menciptakan sensasi seolah menyantap hidangan di tengah danau.\r\nRestoran ini memiliki tiga lantai dan menawarkan variasi area duduk indoor, outdoor, dan semi terbuka sehingga pengunjung tetap nyaman meski cuaca berubah. Selain itu, The Lake House juga dilengkapi banyak spot foto instagramable di seluruh area, menjadikannya pilihan favorit untuk bersantai, berkumpul bersama keluarga atau teman, serta menikmati wisata kuliner dengan nuansa alam.','','https://www.metrobogor.com/pariwisata/107115712506/kulineran-di-the-lake-house-puncak-bogor-tempat-makan-estetik-dengan-view-hutan-pinus','Araya Dinanty','2025-08-12','B0000000006_Kulineran di The Lake House Puncak Bogor.webp','2025-09-27',NULL,NULL,'31.01','KB01','32.01.25-009','D01',NULL),('B0000000007','Kondisi Kuda Nil di Taman Safari Bogor yang Diberi Makan Sampah Plastik oleh Pengunjung','Seorang pengunjung di Taman Safari Bogor dilaporkan memberi makan sampah plastik kepada seekor kuda nil. Petugas kesehatan hewan bertindak cepat dengan mengeluarkan kantung plastik dari mulut kuda nil tersebut pada Kamis, 20 Juni 2024. Pihak Taman Safari memastikan bahwa kuda nil dalam kondisi sehat setelah mendapatkan perawatan dari tim medis. Mereka juga menyiapkan langkah pencegahan agar kejadian serupa tidak terulang, sekaligus menyelidiki kronologi insiden tersebut.','','https://www.tempo.co/hiburan/kondisi-kuda-nil-di-taman-safari-bogor-yang-diberi-makan-sampah-plastik-oleh-pengunjung-46688','TEMPO.CO, Bogor','2024-06-23','B0000000007_Kondisi Kuda Nil di Taman Safari Bogo.jpg','2025-09-27',NULL,NULL,'31.01','KB03','32.01.25-001','D01',NULL),('B0000000008','Hu Chun, Panda Raksasa di Taman Safari Bogor Berulang Tahun ke-13','Panda raksasa Hu Chun di Taman Safari Bogor merayakan ulang tahun ke-13 pada 9 September 2023. Perayaan berlangsung pada 9–10 September di Istana Panda dengan rangkaian acara seperti face painting untuk pengunjung, sesi talk dari para keeper, kuis, dan pembagian doorprize.\r\nHu Chun adalah salah satu primadona Taman Safari. Ia tiba bersama pasangannya Cai Tao dari Tiongkok pada 28 September 2017 dan telah menjadi daya tarik utama sejak Istana Panda dibuka.','','https://www.tempo.co/hiburan/hu-chun-panda-raksasa-di-taman-safari-bogor-berulang-tahun-ke-13-145277','TEMPO.CO, Bogor','2023-09-11','B0000000008_Hu Chun, Panda Raksasa.jpg','2025-09-27',NULL,NULL,'31.01','KB03','32.01.25-001','D01',NULL),('B0000000009','Serunya Berwisata di Hutan Bercahaya Taman Safari Bogor','Di area ini, pepohonan tinggi dan jalan setapak dihiasi dengan lampu warna-warni serta instalasi cahaya artistik yang tertata rapi, menciptakan atmosfer memikat dan berbeda dari kunjungan siang hari. Cahaya yang berpadu dengan suasana alami hutan menghadirkan kesan magis, membuat pengunjung seolah berada di dunia dongeng.\r\n\r\nSelain menikmati keindahan cahaya, para pengunjung juga diajak berjalan santai menyusuri jalur yang dipenuhi dekorasi tematik. Setiap sudutnya dirancang instagramable sehingga menjadi spot foto menarik bagi keluarga maupun anak muda. Wisata ini tidak hanya menawarkan hiburan visual, tetapi juga menghadirkan pengalaman baru yang menggabungkan rekreasi alam dengan sentuhan seni cahaya modern, menjadikan Hutan Bercahaya sebagai daya tarik malam yang istimewa di Taman Safari Bogor.','','https://www.tempo.co/foto/arsip/serunya-berwisata-di-hutan-bercahaya-taman-safari-bogor-1026224','TEMPO.CO, Bogor','2023-12-24','B0000000009_Serunya Berwisata di Hutan Bercahaya.jpg','2025-09-27',NULL,NULL,'31.01','KB02','32.01.25-001','D01',NULL),('B0000000010','Curug Pariuk Cibeureum Yang Masih Alami','Curug Pariuk, yang terletak di Desa Cibeureum, Kecamatan Cisarua, Bogor, berada dalam kawasan Taman Nasional Gunung Gede Pangrango dan menjadi salah satu sumber air Sungai Ciliwung. Untuk mencapai lokasi, pengunjung melewati kebun teh milik PTPN VIII serta jalur sejauh ±7,1–7,3 km dari titik awal pendakian Rungkun Awi, dimana kendaraan hanya dapat diakses hingga Posko Cimisblung. Setelah itu, perjalanan dilanjutkan melalui jalur kaki menurun hingga Posko 2 dan Posko 3, kemudian menanjak menuju Posko 4 dan akhirnya menyusuri aliran sungai sepanjang ±200–300 m dengan kondisi batu licin dan medan sulit sebelum tiba di curug. Curug ini masih terbilang alami, dikelilingi bukit terjal dan terbatasnya akses memaksa wisatawan untuk berhati-hati, terutama saat kondisi hujan. Tidak terdapat jalur darat alternatif selain menyusuri sungai dari Posko 4, sehingga keselamatan sangat bergantung pada kondisi medan dan kesiapan fisik pengunjung.','','https://bangimam-berbagi.blogspot.com/2023/07/curug-pariuk-cibeureum-yang-masih-alami.html','Bang Imam Berbagi','2023-07-16','B0000000010_Curug Pariuk Cibeureum.jpeg','2025-09-27',NULL,NULL,'31.01','KB01','32.01.25-008','D01',NULL);
/*!40000 ALTER TABLE `berita` ENABLE KEYS */;
UNLOCK TABLES;

--
-- Table structure for table `detailitinerary`
--

DROP TABLE IF EXISTS `detailitinerary`;
/*!40101 SET @saved_cs_client     = @@character_set_client */;
/*!50503 SET character_set_client = utf8mb4 */;
CREATE TABLE `detailitinerary` (
  `detailKODE` int NOT NULL AUTO_INCREMENT,
  `urutan` int DEFAULT NULL,
  `jam_mulai` time(6) DEFAULT NULL,
  `jam_selesai` time(6) DEFAULT NULL,
  `headerKODE` int DEFAULT NULL,
  `obyekKODEasal` varchar(12) DEFAULT NULL,
  `obyekKODEtujuan` varchar(12) DEFAULT NULL,
  PRIMARY KEY (`detailKODE`),
  UNIQUE KEY `unique_detail_itinerary` (`obyekKODEasal`,`obyekKODEtujuan`,`headerKODE`,`urutan`),
  KEY `detailitinerary_headerKODE_f050c83f_fk_headeriti` (`headerKODE`),
  KEY `detailitinerary_obyekKODEtujuan_3aba4fb7_fk_obyekwisa` (`obyekKODEtujuan`),
  CONSTRAINT `detailitinerary_headerKODE_f050c83f_fk_headeriti` FOREIGN KEY (`headerKODE`) REFERENCES `headeritinerary` (`headerKODE`),
  CONSTRAINT `detailitinerary_obyekKODEasal_6cd88f23_fk_obyekwisata_obyekKODE` FOREIGN KEY (`obyekKODEasal`) REFERENCES `obyekwisata` (`obyekKODE`),
  CONSTRAINT `detailitinerary_obyekKODEtujuan_3aba4fb7_fk_obyekwisa` FOREIGN KEY (`obyekKODEtujuan`) REFERENCES `obyekwisata` (`obyekKODE`)
) ENGINE=InnoDB AUTO_INCREMENT=695 DEFAULT CHARSET=utf8mb4 COLLATE=utf8mb4_0900_ai_ci;
/*!40101 SET character_set_client = @saved_cs_client */;

--
-- Dumping data for table `detailitinerary`
--

LOCK TABLES `detailitinerary` WRITE;
/*!40000 ALTER TABLE `detailitinerary` DISABLE KEYS */;
INSERT INTO `detailitinerary` VALUES (1,1,'07:00:00.000000','08:43:00.000000',1,'32.01.25-002','32.01.05-009'),(2,2,'08:43:00.000000','10:11:00.000000',1,'32.01.05-009','32.01.26-007'),(3,3,'10:11:00.000000','13:15:00.000000',1,'32.01.26-007','32.01.05-001'),(4,4,'13:15:00.000000','14:31:00.000000',1,'32.01.05-001','32.01.05-004'),(5,5,'14:31:00.000000','16:06:00.000000',1,'32.01.05-004','32.01.26-008'),(6,6,'16:06:00.000000','16:23:00.000000',1,'32.01.26-008','32.01.25-002'),(7,1,'07:00:00.000000','08:13:00.000000',2,'32.01.25-002','32.01.25-005'),(8,2,'08:13:00.000000','09:56:00.000000',2,'32.01.25-005','32.01.01-007'),(9,3,'09:56:00.000000','12:01:00.000000',2,'32.01.01-007','32.01.01-009'),(10,4,'12:01:00.000000','13:50:00.000000',2,'32.01.01-009','32.01.07-006'),(11,5,'13:50:00.000000','15:46:00.000000',2,'32.01.07-006','32.01.01-004'),(12,6,'15:46:00.000000','16:43:00.000000',2,'32.01.01-004','32.01.25-002'),(13,1,'07:00:00.000000','08:18:00.000000',3,'32.01.25-002','32.01.26-008'),(14,2,'08:18:00.000000','10:15:00.000000',3,'32.01.26-008','32.01.07-006'),(15,3,'10:15:00.000000','12:43:00.000000',3,'32.01.07-006','32.01.25-005'),(16,4,'12:43:00.000000','15:05:00.000000',3,'32.01.25-005','32.01.25-003'),(17,5,'15:05:00.000000','16:33:00.000000',3,'32.01.25-003','32.01.26-007'),(18,6,'16:33:00.000000','16:53:00.000000',3,'32.01.26-007','32.01.25-002'),(19,1,'07:00:00.000000','08:18:00.000000',4,'32.01.25-002','32.01.26-009'),(20,2,'08:18:00.000000','11:18:00.000000',4,'32.01.26-009','32.01.05-001'),(21,3,'11:18:00.000000','12:23:00.000000',4,'32.01.05-001','32.01.05-009'),(22,4,'12:23:00.000000','13:52:00.000000',4,'32.01.05-009','32.01.01-007'),(23,5,'13:52:00.000000','15:46:00.000000',4,'32.01.01-007','32.01.25-009'),(24,6,'15:46:00.000000','15:53:00.000000',4,'32.01.25-009','32.01.25-002'),(25,1,'07:00:00.000000','08:18:00.000000',5,'32.01.25-002','32.01.26-008'),(26,2,'08:18:00.000000','09:19:00.000000',5,'32.01.26-008','32.01.26-009'),(27,3,'09:19:00.000000','10:52:00.000000',5,'32.01.26-009','32.01.01-004'),(28,4,'10:52:00.000000','12:15:00.000000',5,'32.01.01-004','32.01.05-010'),(29,5,'12:15:00.000000','14:12:00.000000',5,'32.01.05-010','32.01.25-009'),(30,6,'14:12:00.000000','15:33:00.000000',5,'32.01.25-009','32.01.26-007'),(31,7,'15:33:00.000000','15:53:00.000000',5,'32.01.26-007','32.01.25-002'),(32,1,'07:00:00.000000','08:55:00.000000',6,'32.01.25-002','32.01.05-004'),(33,2,'08:55:00.000000','10:34:00.000000',6,'32.01.05-004','32.01.01-007'),(34,3,'10:34:00.000000','12:39:00.000000',6,'32.01.01-007','32.01.01-009'),(35,4,'12:39:00.000000','15:07:00.000000',6,'32.01.01-009','32.01.05-005'),(36,5,'15:07:00.000000','16:42:00.000000',6,'32.01.05-005','32.01.25-005'),(37,6,'16:42:00.000000','16:54:00.000000',6,'32.01.25-005','32.01.25-002'),(38,1,'07:00:00.000000','09:53:00.000000',7,'32.01.25-002','32.01.01-001'),(39,2,'09:53:00.000000','12:19:00.000000',7,'32.01.01-001','32.01.05-005'),(40,3,'12:19:00.000000','14:10:00.000000',7,'32.01.05-005','32.01.25-009'),(41,4,'14:10:00.000000','15:31:00.000000',7,'32.01.25-009','32.01.26-008'),(42,5,'15:31:00.000000','15:48:00.000000',7,'32.01.26-008','32.01.25-002'),(43,1,'07:00:00.000000','08:45:00.000000',8,'32.01.25-002','32.01.05-010'),(44,2,'08:45:00.000000','10:06:00.000000',8,'32.01.05-010','32.01.01-004'),(45,3,'10:06:00.000000','11:11:00.000000',8,'32.01.01-004','32.01.01-005'),(46,4,'11:11:00.000000','12:45:00.000000',8,'32.01.01-005','32.01.26-007'),(47,5,'12:45:00.000000','13:46:00.000000',8,'32.01.26-007','32.01.26-009'),(48,6,'13:46:00.000000','15:10:00.000000',8,'32.01.26-009','32.01.05-009'),(49,7,'15:10:00.000000','16:45:00.000000',8,'32.01.05-009','32.01.25-005'),(50,8,'16:45:00.000000','16:57:00.000000',8,'32.01.25-005','32.01.25-002'),(51,1,'07:00:00.000000','09:55:00.000000',9,'32.01.25-002','32.01.01-009'),(52,2,'09:55:00.000000','11:34:00.000000',9,'32.01.01-009','32.01.26-007'),(53,3,'11:34:00.000000','13:12:00.000000',9,'32.01.26-007','32.01.05-010'),(54,4,'13:12:00.000000','15:17:00.000000',9,'32.01.05-010','32.01.05-003'),(55,5,'15:17:00.000000','16:45:00.000000',9,'32.01.05-003','32.01.25-005'),(56,6,'16:45:00.000000','16:57:00.000000',9,'32.01.25-005','32.01.25-002'),(57,1,'07:00:00.000000','08:52:00.000000',10,'32.01.25-002','32.01.01-004'),(58,2,'08:52:00.000000','10:18:00.000000',10,'32.01.01-004','32.01.26-008'),(59,3,'10:18:00.000000','11:56:00.000000',10,'32.01.26-008','32.01.01-007'),(60,4,'11:56:00.000000','13:50:00.000000',10,'32.01.01-007','32.01.25-009'),(61,5,'13:50:00.000000','15:11:00.000000',10,'32.01.25-009','32.01.26-009'),(62,6,'15:11:00.000000','15:29:00.000000',10,'32.01.26-009','32.01.25-002'),(63,1,'07:00:00.000000','08:19:00.000000',11,'32.01.25-002','32.01.26-007'),(64,2,'08:19:00.000000','13:20:00.000000',11,'32.01.26-007','32.01.26-001'),(65,3,'13:20:00.000000','14:43:00.000000',11,'32.01.26-001','32.01.05-009'),(66,4,'14:43:00.000000','16:39:00.000000',11,'32.01.05-009','32.01.25-009'),(67,5,'16:39:00.000000','16:46:00.000000',11,'32.01.25-009','32.01.25-002'),(68,1,'07:00:00.000000','08:13:00.000000',12,'32.01.25-002','32.01.25-005'),(69,2,'08:13:00.000000','09:50:00.000000',12,'32.01.25-005','32.01.01-004'),(70,3,'09:50:00.000000','11:16:00.000000',12,'32.01.01-004','32.01.26-008'),(71,4,'11:16:00.000000','13:21:00.000000',12,'32.01.26-008','32.01.25-004'),(72,5,'13:21:00.000000','14:50:00.000000',12,'32.01.25-004','32.01.05-010'),(73,6,'14:50:00.000000','16:05:00.000000',12,'32.01.05-010','32.01.05-004'),(74,7,'16:05:00.000000','17:00:00.000000',12,'32.01.05-004','32.01.25-002'),(75,1,'07:00:00.000000','08:52:00.000000',13,'32.01.25-002','32.01.01-004'),(76,2,'08:52:00.000000','11:07:00.000000',13,'32.01.01-004','32.01.01-002'),(77,3,'11:07:00.000000','13:35:00.000000',13,'32.01.01-002','32.01.05-005'),(78,4,'13:35:00.000000','15:45:00.000000',13,'32.01.05-005','32.01.05-003'),(79,5,'15:45:00.000000','16:27:00.000000',13,'32.01.05-003','32.01.25-002'),(80,1,'07:00:00.000000','08:19:00.000000',14,'32.01.25-002','32.01.26-007'),(81,2,'08:19:00.000000','09:20:00.000000',14,'32.01.26-007','32.01.26-008'),(82,3,'09:20:00.000000','11:25:00.000000',14,'32.01.26-008','32.01.25-004'),(83,4,'11:25:00.000000','13:08:00.000000',14,'32.01.25-004','32.01.01-007'),(84,5,'13:08:00.000000','14:41:00.000000',14,'32.01.01-007','32.01.05-004'),(85,6,'14:41:00.000000','15:55:00.000000',14,'32.01.05-004','32.01.05-009'),(86,7,'15:55:00.000000','16:50:00.000000',14,'32.01.05-009','32.01.25-002'),(87,1,'07:00:00.000000','08:19:00.000000',15,'32.01.25-002','32.01.26-007'),(88,2,'08:19:00.000000','09:25:00.000000',15,'32.01.26-007','32.01.25-005'),(89,3,'09:25:00.000000','11:04:00.000000',15,'32.01.25-005','32.01.01-005'),(90,4,'11:04:00.000000','12:38:00.000000',15,'32.01.01-005','32.01.26-009'),(91,5,'12:38:00.000000','14:02:00.000000',15,'32.01.26-009','32.01.05-009'),(92,6,'14:02:00.000000','16:09:00.000000',15,'32.01.05-009','32.01.05-003'),(93,7,'16:09:00.000000','16:51:00.000000',15,'32.01.05-003','32.01.25-002'),(94,1,'07:00:00.000000','08:59:00.000000',16,'32.01.25-002','32.01.01-007'),(95,2,'08:59:00.000000','10:13:00.000000',16,'32.01.01-007','32.01.01-004'),(96,3,'10:13:00.000000','12:24:00.000000',16,'32.01.01-004','32.01.01-001'),(97,4,'12:24:00.000000','14:07:00.000000',16,'32.01.01-001','32.01.07-006'),(98,5,'14:07:00.000000','15:55:00.000000',16,'32.01.07-006','32.01.25-002'),(99,1,'07:00:00.000000','08:13:00.000000',17,'32.01.25-002','32.01.25-005'),(100,2,'08:13:00.000000','09:18:00.000000',17,'32.01.25-005','32.01.26-009'),(101,3,'09:18:00.000000','10:37:00.000000',17,'32.01.26-009','32.01.25-009'),(102,4,'10:37:00.000000','12:52:00.000000',17,'32.01.25-009','32.01.25-004'),(103,5,'12:52:00.000000','13:57:00.000000',17,'32.01.25-004','32.01.26-008'),(104,6,'13:57:00.000000','14:58:00.000000',17,'32.01.26-008','32.01.26-007'),(105,7,'14:58:00.000000','15:18:00.000000',17,'32.01.26-007','32.01.25-002'),(106,1,'07:00:00.000000','08:55:00.000000',18,'32.01.25-002','32.01.01-005'),(107,2,'08:55:00.000000','10:35:00.000000',18,'32.01.01-005','32.01.07-005'),(108,3,'10:35:00.000000','13:44:00.000000',18,'32.01.07-005','32.01.01-002'),(109,4,'13:44:00.000000','15:06:00.000000',18,'32.01.01-002','32.01.05-009'),(110,5,'15:06:00.000000','16:01:00.000000',18,'32.01.05-009','32.01.25-002'),(111,1,'07:00:00.000000','08:59:00.000000',19,'32.01.25-002','32.01.01-007'),(112,2,'08:59:00.000000','10:21:00.000000',19,'32.01.01-007','32.01.05-009'),(113,3,'10:21:00.000000','12:47:00.000000',19,'32.01.05-009','32.01.01-009'),(114,4,'12:47:00.000000','14:26:00.000000',19,'32.01.01-009','32.01.26-007'),(115,5,'14:26:00.000000','15:27:00.000000',19,'32.01.26-007','32.01.26-008'),(116,6,'15:27:00.000000','15:44:00.000000',19,'32.01.26-008','32.01.25-002'),(117,1,'07:00:00.000000','09:42:00.000000',20,'32.01.25-002','32.01.05-003'),(118,2,'09:42:00.000000','11:04:00.000000',20,'32.01.05-003','32.01.26-009'),(119,3,'11:04:00.000000','12:37:00.000000',20,'32.01.26-009','32.01.01-005'),(120,4,'12:37:00.000000','13:44:00.000000',20,'32.01.01-005','32.01.01-004'),(121,5,'13:44:00.000000','15:28:00.000000',20,'32.01.01-004','32.01.25-005'),(122,6,'15:28:00.000000','15:40:00.000000',20,'32.01.25-005','32.01.25-002'),(123,1,'07:00:00.000000','08:55:00.000000',21,'32.01.25-002','32.01.05-004'),(124,2,'08:55:00.000000','10:34:00.000000',21,'32.01.05-004','32.01.01-007'),(125,3,'10:34:00.000000','13:25:00.000000',21,'32.01.01-007','32.01.05-001'),(126,4,'13:25:00.000000','15:32:00.000000',21,'32.01.05-001','32.01.05-003'),(127,5,'15:32:00.000000','16:14:00.000000',21,'32.01.05-003','32.01.25-002'),(128,1,'07:00:00.000000','09:55:00.000000',22,'32.01.25-002','32.01.01-009'),(129,2,'09:55:00.000000','11:34:00.000000',22,'32.01.01-009','32.01.26-009'),(130,3,'11:34:00.000000','14:03:00.000000',22,'32.01.26-009','32.01.05-005'),(131,4,'14:03:00.000000','15:38:00.000000',22,'32.01.05-005','32.01.25-005'),(132,5,'15:38:00.000000','16:51:00.000000',22,'32.01.25-005','32.01.25-009'),(133,6,'16:51:00.000000','16:58:00.000000',22,'32.01.25-009','32.01.25-002'),(134,1,'07:00:00.000000','10:27:00.000000',23,'32.01.25-002','32.01.07-010'),(135,2,'10:27:00.000000','11:40:00.000000',23,'32.01.07-010','32.01.07-005'),(136,3,'11:40:00.000000','15:41:00.000000',23,'32.01.07-005','32.01.25-003'),(137,4,'15:41:00.000000','16:03:00.000000',23,'32.01.25-003','32.01.25-002'),(138,1,'07:00:00.000000','08:55:00.000000',24,'32.01.25-002','32.01.01-005'),(139,2,'08:55:00.000000','10:02:00.000000',24,'32.01.01-005','32.01.01-004'),(140,3,'10:02:00.000000','11:38:00.000000',24,'32.01.01-004','32.01.26-007'),(141,4,'11:38:00.000000','12:39:00.000000',24,'32.01.26-007','32.01.26-008'),(142,5,'12:39:00.000000','14:04:00.000000',24,'32.01.26-008','32.01.05-010'),(143,6,'14:04:00.000000','14:58:00.000000',24,'32.01.05-010','32.01.25-002'),(144,1,'07:00:00.000000','09:53:00.000000',25,'32.01.25-002','32.01.01-001'),(145,2,'09:53:00.000000','14:41:00.000000',25,'32.01.01-001','32.01.25-008'),(146,3,'14:41:00.000000','15:06:00.000000',25,'32.01.25-008','32.01.25-002'),(147,1,'07:00:00.000000','10:35:00.000000',26,'32.01.25-002','32.01.26-003'),(148,2,'10:35:00.000000','13:26:00.000000',26,'32.01.26-003','32.01.25-003'),(149,3,'13:26:00.000000','13:48:00.000000',26,'32.01.25-003','32.01.25-002'),(150,1,'07:00:00.000000','09:48:00.000000',27,'32.01.25-002','32.01.05-005'),(151,2,'09:48:00.000000','10:56:00.000000',27,'32.01.05-005','32.01.05-009'),(152,3,'10:56:00.000000','12:18:00.000000',27,'32.01.05-009','32.01.01-004'),(153,4,'12:18:00.000000','14:39:00.000000',27,'32.01.01-004','32.01.05-003'),(154,5,'14:39:00.000000','15:54:00.000000',27,'32.01.05-003','32.01.05-004'),(155,6,'15:54:00.000000','16:49:00.000000',27,'32.01.05-004','32.01.25-002'),(156,1,'07:00:00.000000','08:19:00.000000',28,'32.01.25-002','32.01.26-007'),(157,2,'08:19:00.000000','09:20:00.000000',28,'32.01.26-007','32.01.26-009'),(158,3,'09:20:00.000000','11:25:00.000000',28,'32.01.26-009','32.01.25-004'),(159,4,'11:25:00.000000','14:02:00.000000',28,'32.01.25-004','32.01.01-001'),(160,5,'14:02:00.000000','15:25:00.000000',28,'32.01.01-001','32.01.05-010'),(161,6,'15:25:00.000000','16:19:00.000000',28,'32.01.05-010','32.01.25-002'),(162,1,'07:00:00.000000','08:07:00.000000',29,'32.01.25-002','32.01.25-009'),(163,2,'08:07:00.000000','11:19:00.000000',29,'32.01.25-009','32.01.05-001'),(164,3,'11:19:00.000000','13:50:00.000000',29,'32.01.05-001','32.01.01-009'),(165,4,'13:50:00.000000','15:07:00.000000',29,'32.01.01-009','32.01.25-002'),(166,1,'07:00:00.000000','12:17:00.000000',30,'32.01.25-002','32.01.26-004'),(167,2,'12:17:00.000000','13:52:00.000000',30,'32.01.26-004','32.01.01-005'),(168,3,'13:52:00.000000','15:02:00.000000',30,'32.01.01-005','32.01.01-007'),(169,4,'15:02:00.000000','16:40:00.000000',30,'32.01.01-007','32.01.26-008'),(170,5,'16:40:00.000000','16:57:00.000000',30,'32.01.26-008','32.01.25-002'),(171,1,'07:00:00.000000','09:42:00.000000',31,'32.01.25-002','32.01.05-003'),(172,2,'09:42:00.000000','10:57:00.000000',31,'32.01.05-003','32.01.05-004'),(173,3,'10:57:00.000000','12:38:00.000000',31,'32.01.05-004','32.01.25-005'),(174,4,'12:38:00.000000','15:36:00.000000',31,'32.01.25-005','32.01.05-001'),(175,5,'15:36:00.000000','16:26:00.000000',31,'32.01.05-001','32.01.25-002'),(176,1,'07:00:00.000000','08:18:00.000000',32,'32.01.25-002','32.01.26-009'),(177,2,'08:18:00.000000','09:51:00.000000',32,'32.01.26-009','32.01.01-005'),(178,3,'09:51:00.000000','12:33:00.000000',32,'32.01.01-005','32.01.07-001'),(179,4,'12:33:00.000000','16:09:00.000000',32,'32.01.07-001','32.01.25-004'),(180,5,'16:09:00.000000','16:22:00.000000',32,'32.01.25-004','32.01.25-002'),(181,1,'07:00:00.000000','08:59:00.000000',33,'32.01.25-002','32.01.01-007'),(182,2,'08:59:00.000000','10:37:00.000000',33,'32.01.01-007','32.01.26-008'),(183,3,'10:37:00.000000','13:41:00.000000',33,'32.01.26-008','32.01.07-010'),(184,4,'13:41:00.000000','15:02:00.000000',33,'32.01.07-010','32.01.25-002'),(185,1,'07:00:00.000000','09:24:00.000000',34,'32.01.25-002','32.01.25-003'),(186,2,'09:24:00.000000','12:51:00.000000',34,'32.01.25-003','32.01.01-003'),(187,3,'12:51:00.000000','15:04:00.000000',34,'32.01.01-003','32.01.01-002'),(188,4,'15:04:00.000000','16:19:00.000000',34,'32.01.01-002','32.01.25-002'),(189,1,'07:00:00.000000','08:07:00.000000',35,'32.01.25-002','32.01.25-009'),(190,2,'08:07:00.000000','09:50:00.000000',35,'32.01.25-009','32.01.05-009'),(191,3,'09:50:00.000000','11:18:00.000000',35,'32.01.05-009','32.01.26-007'),(192,4,'11:18:00.000000','13:28:00.000000',35,'32.01.26-007','32.01.07-006'),(193,5,'13:28:00.000000','14:48:00.000000',35,'32.01.07-006','32.01.07-003'),(194,6,'14:48:00.000000','16:56:00.000000',35,'32.01.07-003','32.01.25-002'),(195,1,'07:00:00.000000','08:55:00.000000',36,'32.01.25-002','32.01.05-004'),(196,2,'08:55:00.000000','10:51:00.000000',36,'32.01.05-004','32.01.07-005'),(197,3,'10:51:00.000000','12:56:00.000000',36,'32.01.07-005','32.01.07-001'),(198,4,'12:56:00.000000','14:59:00.000000',36,'32.01.07-001','32.01.01-004'),(199,5,'14:59:00.000000','16:04:00.000000',36,'32.01.01-004','32.01.01-005'),(200,6,'16:04:00.000000','16:56:00.000000',36,'32.01.01-005','32.01.25-002'),(201,1,'07:00:00.000000','09:53:00.000000',37,'32.01.25-002','32.01.01-001'),(202,2,'09:53:00.000000','12:45:00.000000',37,'32.01.01-001','32.01.25-004'),(203,3,'12:45:00.000000','15:42:00.000000',37,'32.01.25-004','32.01.05-001'),(204,4,'15:42:00.000000','16:32:00.000000',37,'32.01.05-001','32.01.25-002'),(205,1,'07:00:00.000000','08:13:00.000000',38,'32.01.25-002','32.01.25-005'),(206,2,'08:13:00.000000','11:38:00.000000',38,'32.01.25-005','32.01.07-004'),(207,3,'11:38:00.000000','13:51:00.000000',38,'32.01.07-004','32.01.05-009'),(208,4,'13:51:00.000000','15:58:00.000000',38,'32.01.05-009','32.01.05-003'),(209,5,'15:58:00.000000','16:40:00.000000',38,'32.01.05-003','32.01.25-002'),(210,1,'07:00:00.000000','08:07:00.000000',39,'32.01.25-002','32.01.25-009'),(211,2,'08:07:00.000000','11:36:00.000000',39,'32.01.25-009','32.01.25-008'),(212,3,'11:36:00.000000','13:33:00.000000',39,'32.01.25-008','32.01.05-010'),(213,4,'13:33:00.000000','14:27:00.000000',39,'32.01.05-010','32.01.25-002'),(214,1,'07:00:00.000000','09:55:00.000000',40,'32.01.25-002','32.01.01-009'),(215,2,'09:55:00.000000','11:20:00.000000',40,'32.01.01-009','32.01.26-008'),(216,3,'11:20:00.000000','13:17:00.000000',40,'32.01.26-008','32.01.07-006'),(217,4,'13:17:00.000000','15:31:00.000000',40,'32.01.07-006','32.01.01-007'),(218,5,'15:31:00.000000','16:25:00.000000',40,'32.01.01-007','32.01.25-002'),(219,1,'07:00:00.000000','10:27:00.000000',41,'32.01.25-002','32.01.25-008'),(220,2,'10:27:00.000000','11:55:00.000000',41,'32.01.25-008','32.01.25-005'),(221,3,'11:55:00.000000','14:34:00.000000',41,'32.01.25-005','32.01.01-001'),(222,4,'14:34:00.000000','15:50:00.000000',41,'32.01.01-001','32.01.25-002'),(223,1,'07:00:00.000000','08:07:00.000000',42,'32.01.25-002','32.01.25-009'),(224,2,'08:07:00.000000','11:04:00.000000',42,'32.01.25-009','32.01.01-009'),(225,3,'11:04:00.000000','13:27:00.000000',42,'32.01.01-009','32.01.05-003'),(226,4,'13:27:00.000000','14:31:00.000000',42,'32.01.05-003','32.01.05-009'),(227,5,'14:31:00.000000','15:53:00.000000',42,'32.01.05-009','32.01.01-004'),(228,6,'15:53:00.000000','16:50:00.000000',42,'32.01.01-004','32.01.25-002'),(229,1,'07:00:00.000000','09:13:00.000000',43,'32.01.25-002','32.01.25-004'),(230,2,'09:13:00.000000','12:15:00.000000',43,'32.01.25-004','32.01.01-003'),(231,3,'12:15:00.000000','14:07:00.000000',43,'32.01.01-003','32.01.07-003'),(232,4,'14:07:00.000000','16:15:00.000000',43,'32.01.07-003','32.01.25-002'),(233,1,'07:00:00.000000','08:59:00.000000',44,'32.01.25-002','32.01.01-007'),(234,2,'08:59:00.000000','10:37:00.000000',44,'32.01.01-007','32.01.26-008'),(235,3,'10:37:00.000000','12:34:00.000000',44,'32.01.26-008','32.01.07-006'),(236,4,'12:34:00.000000','14:44:00.000000',44,'32.01.07-006','32.01.07-001'),(237,5,'14:44:00.000000','16:41:00.000000',44,'32.01.07-001','32.01.26-009'),(238,6,'16:41:00.000000','16:59:00.000000',44,'32.01.26-009','32.01.25-002'),(239,1,'07:00:00.000000','10:35:00.000000',45,'32.01.25-002','32.01.26-003'),(240,2,'10:35:00.000000','12:34:00.000000',45,'32.01.26-003','32.01.01-005'),(241,3,'12:34:00.000000','15:25:00.000000',45,'32.01.01-005','32.01.07-010'),(242,4,'15:25:00.000000','16:46:00.000000',45,'32.01.07-010','32.01.25-002'),(243,1,'07:00:00.000000','08:19:00.000000',46,'32.01.25-002','32.01.26-007'),(244,2,'08:19:00.000000','11:35:00.000000',46,'32.01.26-007','32.01.07-001'),(245,3,'11:35:00.000000','14:39:00.000000',46,'32.01.07-001','32.01.01-001'),(246,4,'14:39:00.000000','15:58:00.000000',46,'32.01.01-001','32.01.01-007'),(247,5,'15:58:00.000000','16:52:00.000000',46,'32.01.01-007','32.01.25-002'),(248,1,'07:00:00.000000','09:54:00.000000',47,'32.01.25-002','32.01.01-002'),(249,2,'09:54:00.000000','12:48:00.000000',47,'32.01.01-002','32.01.25-004'),(250,3,'12:48:00.000000','16:15:00.000000',47,'32.01.25-004','32.01.25-008'),(251,4,'16:15:00.000000','16:40:00.000000',47,'32.01.25-008','32.01.25-002'),(252,1,'07:00:00.000000','12:16:00.000000',48,'32.01.25-002','32.01.25-006'),(253,2,'12:16:00.000000','15:36:00.000000',48,'32.01.25-006','32.01.26-002'),(254,3,'15:36:00.000000','16:10:00.000000',48,'32.01.26-002','32.01.25-002'),(255,1,'07:00:00.000000','08:18:00.000000',49,'32.01.25-002','32.01.26-008'),(256,2,'08:18:00.000000','09:19:00.000000',49,'32.01.26-008','32.01.26-009'),(257,3,'09:19:00.000000','10:25:00.000000',49,'32.01.26-009','32.01.25-005'),(258,4,'10:25:00.000000','11:38:00.000000',49,'32.01.25-005','32.01.25-009'),(259,5,'11:38:00.000000','14:20:00.000000',49,'32.01.25-009','32.01.05-003'),(260,6,'14:20:00.000000','15:41:00.000000',49,'32.01.05-003','32.01.01-005'),(261,7,'15:41:00.000000','16:33:00.000000',49,'32.01.01-005','32.01.25-002'),(262,1,'07:00:00.000000','09:15:00.000000',50,'32.01.25-002','32.01.07-005'),(263,2,'09:15:00.000000','10:21:00.000000',50,'32.01.07-005','32.01.07-006'),(264,3,'10:21:00.000000','11:41:00.000000',50,'32.01.07-006','32.01.07-003'),(265,4,'11:41:00.000000','13:53:00.000000',50,'32.01.07-003','32.01.05-009'),(266,5,'13:53:00.000000','14:48:00.000000',50,'32.01.05-009','32.01.25-002'),(267,1,'07:00:00.000000','08:13:00.000000',51,'32.01.25-002','32.01.25-005'),(268,2,'08:13:00.000000','11:36:00.000000',51,'32.01.25-005','32.01.26-002'),(269,3,'11:36:00.000000','13:29:00.000000',51,'32.01.26-002','32.01.01-005'),(270,4,'13:29:00.000000','14:36:00.000000',51,'32.01.01-005','32.01.01-004'),(271,5,'14:36:00.000000','15:58:00.000000',51,'32.01.01-004','32.01.05-009'),(272,6,'15:58:00.000000','16:53:00.000000',51,'32.01.05-009','32.01.25-002'),(273,1,'07:00:00.000000','10:18:00.000000',52,'32.01.25-002','32.01.01-003'),(274,2,'10:18:00.000000','11:55:00.000000',52,'32.01.01-003','32.01.26-008'),(275,3,'11:55:00.000000','14:48:00.000000',52,'32.01.26-008','32.01.05-001'),(276,4,'14:48:00.000000','16:16:00.000000',52,'32.01.05-001','32.01.26-009'),(277,5,'16:16:00.000000','16:34:00.000000',52,'32.01.26-009','32.01.25-002'),(278,1,'07:00:00.000000','08:19:00.000000',53,'32.01.25-002','32.01.26-007'),(279,2,'08:19:00.000000','10:52:00.000000',53,'32.01.26-007','32.01.25-003'),(280,3,'10:52:00.000000','16:21:00.000000',53,'32.01.25-003','32.01.26-001'),(281,4,'16:21:00.000000','16:41:00.000000',53,'32.01.26-001','32.01.25-002'),(282,1,'07:00:00.000000','09:54:00.000000',54,'32.01.25-002','32.01.01-002'),(283,2,'09:54:00.000000','11:43:00.000000',54,'32.01.01-002','32.01.07-006'),(284,3,'11:43:00.000000','12:49:00.000000',54,'32.01.07-006','32.01.07-005'),(285,4,'12:49:00.000000','15:06:00.000000',54,'32.01.07-005','32.01.01-007'),(286,5,'15:06:00.000000','16:00:00.000000',54,'32.01.01-007','32.01.25-002'),(287,1,'07:00:00.000000','09:55:00.000000',55,'32.01.25-002','32.01.01-009'),(288,2,'09:55:00.000000','12:09:00.000000',55,'32.01.01-009','32.01.25-009'),(289,3,'12:09:00.000000','14:03:00.000000',55,'32.01.25-009','32.01.05-004'),(290,4,'14:03:00.000000','14:58:00.000000',55,'32.01.05-004','32.01.25-002'),(291,1,'07:00:00.000000','08:18:00.000000',56,'32.01.25-002','32.01.26-008'),(292,2,'08:18:00.000000','10:46:00.000000',56,'32.01.26-008','32.01.25-003'),(293,3,'10:46:00.000000','14:33:00.000000',56,'32.01.25-003','32.01.26-003'),(294,4,'14:33:00.000000','15:13:00.000000',56,'32.01.26-003','32.01.25-002'),(295,1,'07:00:00.000000','09:55:00.000000',57,'32.01.25-002','32.01.01-009'),(296,2,'09:55:00.000000','11:09:00.000000',57,'32.01.01-009','32.01.01-004'),(297,3,'11:09:00.000000','12:49:00.000000',57,'32.01.01-004','32.01.07-005'),(298,4,'12:49:00.000000','15:06:00.000000',57,'32.01.07-005','32.01.01-007'),(299,5,'15:06:00.000000','16:00:00.000000',57,'32.01.01-007','32.01.25-002'),(300,1,'07:00:00.000000','09:16:00.000000',58,'32.01.25-002','32.01.07-006'),(301,2,'09:16:00.000000','12:20:00.000000',58,'32.01.07-006','32.01.01-002'),(302,3,'12:20:00.000000','15:11:00.000000',58,'32.01.01-002','32.01.05-001'),(303,4,'15:11:00.000000','16:01:00.000000',58,'32.01.05-001','32.01.25-002'),(304,1,'07:00:00.000000','10:18:00.000000',59,'32.01.25-002','32.01.01-003'),(305,2,'10:18:00.000000','11:35:00.000000',59,'32.01.01-003','32.01.05-009'),(306,3,'11:35:00.000000','13:42:00.000000',59,'32.01.05-009','32.01.05-003'),(307,4,'13:42:00.000000','15:25:00.000000',59,'32.01.05-003','32.01.25-009'),(308,5,'15:25:00.000000','16:39:00.000000',59,'32.01.25-009','32.01.25-005'),(309,6,'16:39:00.000000','16:51:00.000000',59,'32.01.25-005','32.01.25-002'),(310,1,'07:00:00.000000','08:45:00.000000',60,'32.01.25-002','32.01.05-010'),(311,2,'08:45:00.000000','11:06:00.000000',60,'32.01.05-010','32.01.01-001'),(312,3,'11:06:00.000000','12:50:00.000000',60,'32.01.01-001','32.01.26-007'),(313,4,'12:50:00.000000','14:31:00.000000',60,'32.01.26-007','32.01.05-004'),(314,5,'14:31:00.000000','16:06:00.000000',60,'32.01.05-004','32.01.01-005'),(315,6,'16:06:00.000000','16:58:00.000000',60,'32.01.01-005','32.01.25-002'),(316,1,'07:00:00.000000','09:42:00.000000',61,'32.01.25-002','32.01.05-003'),(317,2,'09:42:00.000000','11:04:00.000000',61,'32.01.05-003','32.01.26-009'),(318,3,'11:04:00.000000','16:06:00.000000',61,'32.01.26-009','32.01.26-004'),(319,4,'16:06:00.000000','16:28:00.000000',61,'32.01.26-004','32.01.25-002'),(320,1,'07:00:00.000000','08:18:00.000000',62,'32.01.25-002','32.01.26-008'),(321,2,'08:18:00.000000','10:52:00.000000',62,'32.01.26-008','32.01.01-002'),(322,3,'10:52:00.000000','13:37:00.000000',62,'32.01.01-002','32.01.01-003'),(323,4,'13:37:00.000000','16:00:00.000000',62,'32.01.01-003','32.01.05-005'),(324,5,'16:00:00.000000','16:47:00.000000',62,'32.01.05-005','32.01.25-002'),(325,1,'07:00:00.000000','08:13:00.000000',63,'32.01.25-002','32.01.25-005'),(326,2,'08:13:00.000000','11:11:00.000000',63,'32.01.25-005','32.01.05-001'),(327,3,'11:11:00.000000','13:42:00.000000',63,'32.01.05-001','32.01.01-009'),(328,4,'13:42:00.000000','14:49:00.000000',63,'32.01.01-009','32.01.01-007'),(329,5,'14:49:00.000000','15:43:00.000000',63,'32.01.01-007','32.01.25-002'),(330,1,'07:00:00.000000','08:45:00.000000',64,'32.01.25-002','32.01.05-010'),(331,2,'08:45:00.000000','10:42:00.000000',64,'32.01.05-010','32.01.25-009'),(332,3,'10:42:00.000000','12:57:00.000000',64,'32.01.25-009','32.01.25-004'),(333,4,'12:57:00.000000','16:24:00.000000',64,'32.01.25-004','32.01.25-008'),(334,5,'16:24:00.000000','16:49:00.000000',64,'32.01.25-008','32.01.25-002'),(335,1,'07:00:00.000000','09:24:00.000000',65,'32.01.25-002','32.01.07-003'),(336,2,'09:24:00.000000','10:42:00.000000',65,'32.01.07-003','32.01.07-005'),(337,3,'10:42:00.000000','12:41:00.000000',65,'32.01.07-005','32.01.05-009'),(338,4,'12:41:00.000000','14:03:00.000000',65,'32.01.05-009','32.01.01-004'),(339,5,'14:03:00.000000','15:00:00.000000',65,'32.01.01-004','32.01.25-002'),(340,1,'07:00:00.000000','08:43:00.000000',66,'32.01.25-002','32.01.05-009'),(341,2,'08:43:00.000000','10:50:00.000000',66,'32.01.05-009','32.01.05-003'),(342,3,'10:50:00.000000','12:33:00.000000',66,'32.01.05-003','32.01.07-005'),(343,4,'12:33:00.000000','14:24:00.000000',66,'32.01.07-005','32.01.25-002'),(344,1,'07:00:00.000000','09:55:00.000000',67,'32.01.25-002','32.01.01-009'),(345,2,'09:55:00.000000','11:20:00.000000',67,'32.01.01-009','32.01.05-010'),(346,3,'11:20:00.000000','12:54:00.000000',67,'32.01.05-010','32.01.25-005'),(347,4,'12:54:00.000000','14:55:00.000000',67,'32.01.25-005','32.01.25-004'),(348,5,'14:55:00.000000','15:08:00.000000',67,'32.01.25-004','32.01.25-002'),(349,1,'07:00:00.000000','09:16:00.000000',68,'32.01.25-002','32.01.07-006'),(350,2,'09:16:00.000000','12:16:00.000000',68,'32.01.07-006','32.01.05-005'),(351,3,'12:16:00.000000','15:14:00.000000',68,'32.01.05-005','32.01.25-003'),(352,4,'15:14:00.000000','15:36:00.000000',68,'32.01.25-003','32.01.25-002'),(353,1,'07:00:00.000000','08:55:00.000000',69,'32.01.25-002','32.01.05-004'),(354,2,'08:55:00.000000','10:27:00.000000',69,'32.01.05-004','32.01.01-004'),(355,3,'10:27:00.000000','11:32:00.000000',69,'32.01.01-004','32.01.01-005'),(356,4,'11:32:00.000000','13:42:00.000000',69,'32.01.01-005','32.01.01-001'),(357,5,'13:42:00.000000','15:25:00.000000',69,'32.01.01-001','32.01.26-009'),(358,6,'15:25:00.000000','16:26:00.000000',69,'32.01.26-009','32.01.26-008'),(359,7,'16:26:00.000000','16:43:00.000000',69,'32.01.26-008','32.01.25-002'),(360,1,'07:00:00.000000','10:35:00.000000',70,'32.01.25-002','32.01.26-003'),(361,2,'10:35:00.000000','12:40:00.000000',70,'32.01.26-003','32.01.01-007'),(362,3,'12:40:00.000000','15:36:00.000000',70,'32.01.01-007','32.01.07-010'),(363,4,'15:36:00.000000','16:57:00.000000',70,'32.01.07-010','32.01.25-002'),(364,1,'07:00:00.000000','08:18:00.000000',71,'32.01.25-002','32.01.26-009'),(365,2,'08:18:00.000000','10:47:00.000000',71,'32.01.26-009','32.01.05-005'),(366,3,'10:47:00.000000','12:16:00.000000',71,'32.01.05-005','32.01.26-007'),(367,4,'12:16:00.000000','15:02:00.000000',71,'32.01.26-007','32.01.01-001'),(368,5,'15:02:00.000000','16:18:00.000000',71,'32.01.01-001','32.01.25-002'),(369,1,'07:00:00.000000','08:13:00.000000',72,'32.01.25-002','32.01.25-005'),(370,2,'08:13:00.000000','11:15:00.000000',72,'32.01.25-005','32.01.07-001'),(371,3,'11:15:00.000000','14:12:00.000000',72,'32.01.07-001','32.01.07-004'),(372,4,'14:12:00.000000','15:57:00.000000',72,'32.01.07-004','32.01.01-004'),(373,5,'15:57:00.000000','16:54:00.000000',72,'32.01.01-004','32.01.25-002'),(374,1,'07:00:00.000000','09:13:00.000000',73,'32.01.25-002','32.01.25-004'),(375,2,'09:13:00.000000','10:42:00.000000',73,'32.01.25-004','32.01.05-010'),(376,3,'10:42:00.000000','12:30:00.000000',73,'32.01.05-010','32.01.07-006'),(377,4,'12:30:00.000000','15:52:00.000000',73,'32.01.07-006','32.01.05-001'),(378,5,'15:52:00.000000','16:42:00.000000',73,'32.01.05-001','32.01.25-002'),(379,1,'07:00:00.000000','09:24:00.000000',74,'32.01.25-002','32.01.07-003'),(380,2,'09:24:00.000000','11:36:00.000000',74,'32.01.07-003','32.01.05-009'),(381,3,'11:36:00.000000','12:48:00.000000',74,'32.01.05-009','32.01.05-004'),(382,4,'12:48:00.000000','13:43:00.000000',74,'32.01.05-004','32.01.25-002'),(383,1,'07:00:00.000000','10:27:00.000000',75,'32.01.25-002','32.01.25-008'),(384,2,'10:27:00.000000','12:44:00.000000',75,'32.01.25-008','32.01.25-003'),(385,3,'12:44:00.000000','13:06:00.000000',75,'32.01.25-003','32.01.25-002'),(386,1,'07:00:00.000000','10:27:00.000000',76,'32.01.25-002','32.01.07-010'),(387,2,'10:27:00.000000','12:11:00.000000',76,'32.01.07-010','32.01.01-005'),(388,3,'12:11:00.000000','13:21:00.000000',76,'32.01.01-005','32.01.01-007'),(389,4,'13:21:00.000000','14:59:00.000000',76,'32.01.01-007','32.01.26-008'),(390,5,'14:59:00.000000','16:17:00.000000',76,'32.01.26-008','32.01.25-009'),(391,6,'16:17:00.000000','16:24:00.000000',76,'32.01.25-009','32.01.25-002'),(392,1,'07:00:00.000000','09:42:00.000000',77,'32.01.25-002','32.01.05-003'),(393,2,'09:42:00.000000','11:25:00.000000',77,'32.01.05-003','32.01.07-005'),(394,3,'11:25:00.000000','13:16:00.000000',77,'32.01.07-005','32.01.25-002'),(395,1,'07:00:00.000000','08:13:00.000000',78,'32.01.25-002','32.01.25-005'),(396,2,'08:13:00.000000','11:11:00.000000',78,'32.01.25-005','32.01.05-001'),(397,3,'11:11:00.000000','13:45:00.000000',78,'32.01.05-001','32.01.25-004'),(398,4,'13:45:00.000000','14:50:00.000000',78,'32.01.25-004','32.01.26-008'),(399,5,'14:50:00.000000','15:07:00.000000',78,'32.01.26-008','32.01.25-002'),(400,1,'07:00:00.000000','12:52:00.000000',79,'32.01.25-002','32.01.05-007'),(401,2,'12:52:00.000000','14:28:00.000000',79,'32.01.05-007','32.01.01-007'),(402,3,'14:28:00.000000','16:06:00.000000',79,'32.01.01-007','32.01.26-009'),(403,4,'16:06:00.000000','16:24:00.000000',79,'32.01.26-009','32.01.25-002'),(404,1,'07:00:00.000000','08:52:00.000000',80,'32.01.25-002','32.01.01-004'),(405,2,'08:52:00.000000','11:34:00.000000',80,'32.01.01-004','32.01.07-001'),(406,3,'11:34:00.000000','13:37:00.000000',80,'32.01.07-001','32.01.01-005'),(407,4,'13:37:00.000000','15:29:00.000000',80,'32.01.01-005','32.01.25-009'),(408,5,'15:29:00.000000','15:36:00.000000',80,'32.01.25-009','32.01.25-002'),(409,1,'07:00:00.000000','08:45:00.000000',81,'32.01.25-002','32.01.05-010'),(410,2,'08:45:00.000000','11:41:00.000000',81,'32.01.05-010','32.01.07-010'),(411,3,'11:41:00.000000','13:40:00.000000',81,'32.01.07-010','32.01.05-004'),(412,4,'13:40:00.000000','15:47:00.000000',81,'32.01.05-004','32.01.05-005'),(413,5,'15:47:00.000000','16:34:00.000000',81,'32.01.05-005','32.01.25-002'),(414,1,'07:00:00.000000','08:43:00.000000',82,'32.01.25-002','32.01.05-009'),(415,2,'08:43:00.000000','11:08:00.000000',82,'32.01.05-009','32.01.01-002'),(416,3,'11:08:00.000000','15:18:00.000000',82,'32.01.01-002','32.01.26-003'),(417,4,'15:18:00.000000','15:58:00.000000',82,'32.01.26-003','32.01.25-002'),(418,1,'07:00:00.000000','08:19:00.000000',83,'32.01.25-002','32.01.26-007'),(419,2,'08:19:00.000000','10:28:00.000000',83,'32.01.26-007','32.01.07-005'),(420,3,'10:28:00.000000','11:34:00.000000',83,'32.01.07-005','32.01.07-006'),(421,4,'11:34:00.000000','15:33:00.000000',83,'32.01.07-006','32.01.25-003'),(422,5,'15:33:00.000000','15:55:00.000000',83,'32.01.25-003','32.01.25-002'),(423,1,'07:00:00.000000','09:42:00.000000',84,'32.01.25-002','32.01.05-003'),(424,2,'09:42:00.000000','12:05:00.000000',84,'32.01.05-003','32.01.01-009'),(425,3,'12:05:00.000000','14:03:00.000000',84,'32.01.01-009','32.01.07-003'),(426,4,'14:03:00.000000','16:11:00.000000',84,'32.01.07-003','32.01.25-002'),(427,1,'07:00:00.000000','08:18:00.000000',85,'32.01.25-002','32.01.26-008'),(428,2,'08:18:00.000000','13:21:00.000000',85,'32.01.26-008','32.01.25-006'),(429,3,'13:21:00.000000','13:37:00.000000',85,'32.01.25-006','32.01.25-002'),(430,1,'07:00:00.000000','12:52:00.000000',86,'32.01.25-002','32.01.05-007'),(431,2,'12:52:00.000000','14:28:00.000000',86,'32.01.05-007','32.01.01-007'),(432,3,'14:28:00.000000','16:01:00.000000',86,'32.01.01-007','32.01.05-004'),(433,4,'16:01:00.000000','16:56:00.000000',86,'32.01.05-004','32.01.25-002'),(434,1,'07:00:00.000000','08:45:00.000000',87,'32.01.25-002','32.01.05-010'),(435,2,'08:45:00.000000','09:48:00.000000',87,'32.01.05-010','32.01.05-009'),(436,3,'09:48:00.000000','11:16:00.000000',87,'32.01.05-009','32.01.26-007'),(437,4,'11:16:00.000000','13:02:00.000000',87,'32.01.26-007','32.01.01-004'),(438,5,'13:02:00.000000','14:38:00.000000',87,'32.01.01-004','32.01.26-009'),(439,6,'14:38:00.000000','14:56:00.000000',87,'32.01.26-009','32.01.25-002'),(440,1,'07:00:00.000000','10:27:00.000000',88,'32.01.25-002','32.01.07-010'),(441,2,'10:27:00.000000','13:18:00.000000',88,'32.01.07-010','32.01.05-003'),(442,3,'13:18:00.000000','15:51:00.000000',88,'32.01.05-003','32.01.05-001'),(443,4,'15:51:00.000000','16:41:00.000000',88,'32.01.05-001','32.01.25-002'),(444,1,'07:00:00.000000','09:48:00.000000',89,'32.01.25-002','32.01.05-005'),(445,2,'09:48:00.000000','11:23:00.000000',89,'32.01.05-005','32.01.25-005'),(446,3,'11:23:00.000000','12:36:00.000000',89,'32.01.25-005','32.01.25-009'),(447,4,'12:36:00.000000','14:58:00.000000',89,'32.01.25-009','32.01.25-003'),(448,5,'14:58:00.000000','15:20:00.000000',89,'32.01.25-003','32.01.25-002'),(449,1,'07:00:00.000000','12:17:00.000000',90,'32.01.25-002','32.01.26-004'),(450,2,'12:17:00.000000','14:53:00.000000',90,'32.01.26-004','32.01.01-001'),(451,3,'14:53:00.000000','16:06:00.000000',90,'32.01.01-001','32.01.01-005'),(452,4,'16:06:00.000000','16:58:00.000000',90,'32.01.01-005','32.01.25-002'),(453,1,'07:00:00.000000','09:54:00.000000',91,'32.01.25-002','32.01.01-002'),(454,2,'09:54:00.000000','11:45:00.000000',91,'32.01.01-002','32.01.07-005'),(455,3,'11:45:00.000000','12:51:00.000000',91,'32.01.07-005','32.01.07-006'),(456,4,'12:51:00.000000','15:01:00.000000',91,'32.01.07-006','32.01.07-001'),(457,5,'15:01:00.000000','16:57:00.000000',91,'32.01.07-001','32.01.25-002'),(458,1,'07:00:00.000000','10:12:00.000000',92,'32.01.25-002','32.01.05-001'),(459,2,'10:12:00.000000','13:24:00.000000',92,'32.01.05-001','32.01.07-010'),(460,3,'13:24:00.000000','15:18:00.000000',92,'32.01.07-010','32.01.05-010'),(461,4,'15:18:00.000000','16:12:00.000000',92,'32.01.05-010','32.01.25-002'),(462,1,'07:00:00.000000','08:07:00.000000',93,'32.01.25-002','32.01.25-009'),(463,2,'08:07:00.000000','10:22:00.000000',93,'32.01.25-009','32.01.25-004'),(464,3,'10:22:00.000000','12:00:00.000000',93,'32.01.25-004','32.01.05-004'),(465,4,'12:00:00.000000','15:20:00.000000',93,'32.01.05-004','32.01.07-004'),(466,5,'15:20:00.000000','16:52:00.000000',93,'32.01.07-004','32.01.25-002'),(467,1,'07:00:00.000000','08:18:00.000000',94,'32.01.25-002','32.01.26-008'),(468,2,'08:18:00.000000','09:41:00.000000',94,'32.01.26-008','32.01.05-009'),(469,3,'09:41:00.000000','12:04:00.000000',94,'32.01.05-009','32.01.01-001'),(470,4,'12:04:00.000000','14:40:00.000000',94,'32.01.01-001','32.01.01-003'),(471,5,'14:40:00.000000','16:01:00.000000',94,'32.01.01-003','32.01.25-002'),(472,1,'07:00:00.000000','09:15:00.000000',95,'32.01.25-002','32.01.07-005'),(473,2,'09:15:00.000000','13:16:00.000000',95,'32.01.07-005','32.01.25-003'),(474,3,'13:16:00.000000','15:16:00.000000',95,'32.01.25-003','32.01.01-004'),(475,4,'15:16:00.000000','16:13:00.000000',95,'32.01.01-004','32.01.25-002'),(476,1,'07:00:00.000000','09:48:00.000000',96,'32.01.25-002','32.01.05-005'),(477,2,'09:48:00.000000','11:45:00.000000',96,'32.01.05-005','32.01.07-003'),(478,3,'11:45:00.000000','14:38:00.000000',96,'32.01.07-003','32.01.25-005'),(479,4,'14:38:00.000000','14:50:00.000000',96,'32.01.25-005','32.01.25-002'),(480,1,'07:00:00.000000','09:54:00.000000',97,'32.01.25-002','32.01.01-002'),(481,2,'09:54:00.000000','11:14:00.000000',97,'32.01.01-002','32.01.01-007'),(482,3,'11:14:00.000000','13:35:00.000000',97,'32.01.01-007','32.01.05-003'),(483,4,'13:35:00.000000','14:57:00.000000',97,'32.01.05-003','32.01.26-009'),(484,5,'14:57:00.000000','15:15:00.000000',97,'32.01.26-009','32.01.25-002'),(485,1,'07:00:00.000000','09:55:00.000000',98,'32.01.25-002','32.01.01-009'),(486,2,'09:55:00.000000','14:36:00.000000',98,'32.01.01-009','32.01.25-008'),(487,3,'14:36:00.000000','16:10:00.000000',98,'32.01.25-008','32.01.26-007'),(488,4,'16:10:00.000000','16:30:00.000000',98,'32.01.26-007','32.01.25-002'),(489,1,'07:00:00.000000','10:12:00.000000',99,'32.01.25-002','32.01.05-001'),(490,2,'10:12:00.000000','11:42:00.000000',99,'32.01.05-001','32.01.01-005'),(491,3,'11:42:00.000000','14:44:00.000000',99,'32.01.01-005','32.01.25-003'),(492,4,'14:44:00.000000','15:06:00.000000',99,'32.01.25-003','32.01.25-002'),(493,1,'07:00:00.000000','08:55:00.000000',100,'32.01.25-002','32.01.05-004'),(494,2,'08:55:00.000000','11:28:00.000000',100,'32.01.05-004','32.01.01-001'),(495,3,'11:28:00.000000','14:04:00.000000',100,'32.01.01-001','32.01.01-003'),(496,4,'14:04:00.000000','15:21:00.000000',100,'32.01.01-003','32.01.05-009'),(497,5,'15:21:00.000000','16:16:00.000000',100,'32.01.05-009','32.01.25-002'),(498,1,'07:00:00.000000','10:27:00.000000',101,'32.01.25-002','32.01.25-008'),(499,2,'10:27:00.000000','14:20:00.000000',101,'32.01.25-008','32.01.07-004'),(500,3,'14:20:00.000000','16:06:00.000000',101,'32.01.07-004','32.01.05-010'),(501,4,'16:06:00.000000','17:00:00.000000',101,'32.01.05-010','32.01.25-002'),(502,1,'07:00:00.000000','08:59:00.000000',102,'32.01.25-002','32.01.01-007'),(503,2,'08:59:00.000000','11:04:00.000000',102,'32.01.01-007','32.01.01-009'),(504,3,'11:04:00.000000','12:18:00.000000',102,'32.01.01-009','32.01.01-004'),(505,4,'12:18:00.000000','13:54:00.000000',102,'32.01.01-004','32.01.26-009'),(506,5,'13:54:00.000000','15:59:00.000000',102,'32.01.26-009','32.01.25-004'),(507,6,'15:59:00.000000','16:12:00.000000',102,'32.01.25-004','32.01.25-002'),(508,1,'07:00:00.000000','08:13:00.000000',103,'32.01.25-002','32.01.25-005'),(509,2,'08:13:00.000000','09:18:00.000000',103,'32.01.25-005','32.01.26-007'),(510,3,'09:18:00.000000','11:27:00.000000',103,'32.01.26-007','32.01.07-005'),(511,4,'11:27:00.000000','13:32:00.000000',103,'32.01.07-005','32.01.07-001'),(512,5,'13:32:00.000000','15:28:00.000000',103,'32.01.07-001','32.01.25-002'),(513,1,'07:00:00.000000','09:54:00.000000',104,'32.01.25-002','32.01.01-002'),(514,2,'09:54:00.000000','11:56:00.000000',104,'32.01.01-002','32.01.07-003'),(515,3,'11:56:00.000000','14:38:00.000000',104,'32.01.07-003','32.01.26-008'),(516,4,'14:38:00.000000','15:56:00.000000',104,'32.01.26-008','32.01.25-009'),(517,5,'15:56:00.000000','16:03:00.000000',104,'32.01.25-009','32.01.25-002'),(518,1,'07:00:00.000000','12:17:00.000000',105,'32.01.25-002','32.01.26-004'),(519,2,'12:17:00.000000','12:39:00.000000',105,'32.01.26-004','32.01.25-002'),(520,1,'07:00:00.000000','09:16:00.000000',106,'32.01.25-002','32.01.07-006'),(521,2,'09:16:00.000000','12:09:00.000000',106,'32.01.07-006','32.01.05-003'),(522,3,'12:09:00.000000','14:28:00.000000',106,'32.01.05-003','32.01.01-001'),(523,4,'14:28:00.000000','15:47:00.000000',106,'32.01.01-001','32.01.01-007'),(524,5,'15:47:00.000000','16:41:00.000000',106,'32.01.01-007','32.01.25-002'),(525,1,'07:00:00.000000','08:55:00.000000',107,'32.01.25-002','32.01.05-004'),(526,2,'08:55:00.000000','10:36:00.000000',107,'32.01.05-004','32.01.25-005'),(527,3,'10:36:00.000000','11:49:00.000000',107,'32.01.25-005','32.01.25-009'),(528,4,'11:49:00.000000','15:18:00.000000',107,'32.01.25-009','32.01.25-008'),(529,5,'15:18:00.000000','15:43:00.000000',107,'32.01.25-008','32.01.25-002'),(530,1,'07:00:00.000000','08:18:00.000000',108,'32.01.25-002','32.01.26-008'),(531,2,'08:18:00.000000','10:12:00.000000',108,'32.01.26-008','32.01.07-005'),(532,3,'10:12:00.000000','12:13:00.000000',108,'32.01.07-005','32.01.05-010'),(533,4,'12:13:00.000000','13:34:00.000000',108,'32.01.05-010','32.01.01-004'),(534,5,'13:34:00.000000','14:31:00.000000',108,'32.01.01-004','32.01.25-002'),(535,1,'07:00:00.000000','09:54:00.000000',109,'32.01.25-002','32.01.01-002'),(536,2,'09:54:00.000000','12:47:00.000000',109,'32.01.01-002','32.01.07-001'),(537,3,'12:47:00.000000','16:02:00.000000',109,'32.01.07-001','32.01.05-005'),(538,4,'16:02:00.000000','16:49:00.000000',109,'32.01.05-005','32.01.25-002'),(539,1,'07:00:00.000000','10:27:00.000000',110,'32.01.25-002','32.01.07-010'),(540,2,'10:27:00.000000','16:33:00.000000',110,'32.01.07-010','32.01.25-006'),(541,3,'16:33:00.000000','16:49:00.000000',110,'32.01.25-006','32.01.25-002'),(542,1,'07:00:00.000000','08:18:00.000000',111,'32.01.25-002','32.01.26-009'),(543,2,'08:18:00.000000','10:47:00.000000',111,'32.01.26-009','32.01.25-003'),(544,3,'10:47:00.000000','14:36:00.000000',111,'32.01.25-003','32.01.07-004'),(545,4,'14:36:00.000000','16:08:00.000000',111,'32.01.07-004','32.01.25-002'),(546,1,'07:00:00.000000','10:12:00.000000',112,'32.01.25-002','32.01.05-001'),(547,2,'10:12:00.000000','11:17:00.000000',112,'32.01.05-001','32.01.05-009'),(548,3,'11:17:00.000000','14:05:00.000000',112,'32.01.05-009','32.01.01-003'),(549,4,'14:05:00.000000','15:41:00.000000',112,'32.01.01-003','32.01.26-007'),(550,5,'15:41:00.000000','16:01:00.000000',112,'32.01.26-007','32.01.25-002'),(551,1,'07:00:00.000000','08:59:00.000000',113,'32.01.25-002','32.01.01-007'),(552,2,'08:59:00.000000','10:37:00.000000',113,'32.01.01-007','32.01.26-009'),(553,3,'10:37:00.000000','13:34:00.000000',113,'32.01.26-009','32.01.07-001'),(554,4,'13:34:00.000000','14:47:00.000000',113,'32.01.07-001','32.01.07-006'),(555,5,'14:47:00.000000','16:35:00.000000',113,'32.01.07-006','32.01.25-002'),(556,1,'07:00:00.000000','08:55:00.000000',114,'32.01.25-002','32.01.01-005'),(557,2,'08:55:00.000000','11:46:00.000000',114,'32.01.01-005','32.01.07-010'),(558,3,'11:46:00.000000','13:45:00.000000',114,'32.01.07-010','32.01.05-004'),(559,4,'13:45:00.000000','15:17:00.000000',114,'32.01.05-004','32.01.01-004'),(560,5,'15:17:00.000000','16:14:00.000000',114,'32.01.01-004','32.01.25-002'),(561,1,'07:00:00.000000','09:24:00.000000',115,'32.01.25-002','32.01.07-003'),(562,2,'09:24:00.000000','13:15:00.000000',115,'32.01.07-003','32.01.25-004'),(563,3,'13:15:00.000000','14:20:00.000000',115,'32.01.25-004','32.01.26-008'),(564,4,'14:20:00.000000','14:37:00.000000',115,'32.01.26-008','32.01.25-002'),(565,1,'07:00:00.000000','10:12:00.000000',116,'32.01.25-002','32.01.05-001'),(566,2,'10:12:00.000000','11:17:00.000000',116,'32.01.05-001','32.01.05-009'),(567,3,'11:17:00.000000','14:20:00.000000',116,'32.01.05-009','32.01.25-003'),(568,4,'14:20:00.000000','14:42:00.000000',116,'32.01.25-003','32.01.25-002'),(569,1,'07:00:00.000000','12:52:00.000000',117,'32.01.25-002','32.01.05-007'),(570,2,'12:52:00.000000','14:32:00.000000',117,'32.01.05-007','32.01.25-005'),(571,3,'14:32:00.000000','15:45:00.000000',117,'32.01.25-005','32.01.25-009'),(572,4,'15:45:00.000000','15:52:00.000000',117,'32.01.25-009','32.01.25-002'),(573,1,'07:00:00.000000','08:45:00.000000',118,'32.01.25-002','32.01.05-010'),(574,2,'08:45:00.000000','11:06:00.000000',118,'32.01.05-010','32.01.01-001'),(575,3,'11:06:00.000000','13:18:00.000000',118,'32.01.01-001','32.01.01-002'),(576,4,'13:18:00.000000','15:39:00.000000',118,'32.01.01-002','32.01.05-003'),(577,5,'15:39:00.000000','16:21:00.000000',118,'32.01.05-003','32.01.25-002'),(578,1,'07:00:00.000000','09:55:00.000000',119,'32.01.25-002','32.01.01-009'),(579,2,'09:55:00.000000','12:40:00.000000',119,'32.01.01-009','32.01.01-003'),(580,3,'12:40:00.000000','14:22:00.000000',119,'32.01.01-003','32.01.07-005'),(581,4,'14:22:00.000000','16:13:00.000000',119,'32.01.07-005','32.01.25-002'),(582,1,'07:00:00.000000','08:13:00.000000',120,'32.01.25-002','32.01.25-005'),(583,2,'08:13:00.000000','10:52:00.000000',120,'32.01.25-005','32.01.01-001'),(584,3,'10:52:00.000000','13:51:00.000000',120,'32.01.01-001','32.01.07-010'),(585,4,'13:51:00.000000','15:45:00.000000',120,'32.01.07-010','32.01.01-007'),(586,5,'15:45:00.000000','16:39:00.000000',120,'32.01.01-007','32.01.25-002'),(587,1,'07:00:00.000000','08:07:00.000000',121,'32.01.25-002','32.01.25-009'),(588,2,'08:07:00.000000','10:01:00.000000',121,'32.01.25-009','32.01.05-004'),(589,3,'10:01:00.000000','11:36:00.000000',121,'32.01.05-004','32.01.26-007'),(590,4,'11:36:00.000000','15:01:00.000000',121,'32.01.26-007','32.01.26-002'),(591,5,'15:01:00.000000','15:35:00.000000',121,'32.01.26-002','32.01.25-002'),(592,1,'07:00:00.000000','10:35:00.000000',122,'32.01.25-002','32.01.26-003'),(593,2,'10:35:00.000000','12:28:00.000000',122,'32.01.26-003','32.01.05-010'),(594,3,'12:28:00.000000','14:37:00.000000',122,'32.01.05-010','32.01.05-005'),(595,4,'14:37:00.000000','15:24:00.000000',122,'32.01.05-005','32.01.25-002'),(596,1,'07:00:00.000000','10:19:00.000000',123,'32.01.25-002','32.01.07-001'),(597,2,'10:19:00.000000','12:16:00.000000',123,'32.01.07-001','32.01.26-009'),(598,3,'12:16:00.000000','14:13:00.000000',123,'32.01.26-009','32.01.07-005'),(599,4,'14:13:00.000000','16:04:00.000000',123,'32.01.07-005','32.01.25-002'),(600,1,'07:00:00.000000','10:18:00.000000',124,'32.01.25-002','32.01.01-003'),(601,2,'10:18:00.000000','12:34:00.000000',124,'32.01.01-003','32.01.01-009'),(602,3,'12:34:00.000000','14:57:00.000000',124,'32.01.01-009','32.01.05-003'),(603,4,'14:57:00.000000','15:39:00.000000',124,'32.01.05-003','32.01.25-002'),(604,1,'07:00:00.000000','09:13:00.000000',125,'32.01.25-002','32.01.25-004'),(605,2,'09:13:00.000000','10:40:00.000000',125,'32.01.25-004','32.01.05-009'),(606,3,'10:40:00.000000','12:08:00.000000',125,'32.01.05-009','32.01.26-008'),(607,4,'12:08:00.000000','15:40:00.000000',125,'32.01.26-008','32.01.25-008'),(608,5,'15:40:00.000000','16:05:00.000000',125,'32.01.25-008','32.01.25-002'),(609,1,'07:00:00.000000','08:55:00.000000',126,'32.01.25-002','32.01.01-005'),(610,2,'08:55:00.000000','10:02:00.000000',126,'32.01.01-005','32.01.01-004'),(611,3,'10:02:00.000000','12:17:00.000000',126,'32.01.01-004','32.01.01-002'),(612,4,'12:17:00.000000','13:32:00.000000',126,'32.01.01-002','32.01.25-002'),(613,1,'07:00:00.000000','09:53:00.000000',127,'32.01.25-002','32.01.01-001'),(614,2,'09:53:00.000000','12:17:00.000000',127,'32.01.01-001','32.01.25-009'),(615,3,'12:17:00.000000','14:17:00.000000',127,'32.01.25-009','32.01.01-007'),(616,4,'14:17:00.000000','15:11:00.000000',127,'32.01.01-007','32.01.25-002'),(617,1,'07:00:00.000000','10:18:00.000000',128,'32.01.25-002','32.01.01-003'),(618,2,'10:18:00.000000','11:54:00.000000',128,'32.01.01-003','32.01.26-007'),(619,3,'11:54:00.000000','14:42:00.000000',128,'32.01.26-007','32.01.01-002'),(620,4,'14:42:00.000000','16:00:00.000000',128,'32.01.01-002','32.01.01-005'),(621,5,'16:00:00.000000','16:52:00.000000',128,'32.01.01-005','32.01.25-002'),(622,1,'07:00:00.000000','09:48:00.000000',129,'32.01.25-002','32.01.05-005'),(623,2,'09:48:00.000000','11:13:00.000000',129,'32.01.05-005','32.01.01-004'),(624,3,'11:13:00.000000','12:55:00.000000',129,'32.01.01-004','32.01.07-006'),(625,4,'12:55:00.000000','14:15:00.000000',129,'32.01.07-006','32.01.07-003'),(626,5,'14:15:00.000000','16:23:00.000000',129,'32.01.07-003','32.01.25-002'),(627,1,'07:00:00.000000','08:18:00.000000',130,'32.01.25-002','32.01.26-008'),(628,2,'08:18:00.000000','09:43:00.000000',130,'32.01.26-008','32.01.05-010'),(629,3,'09:43:00.000000','13:54:00.000000',130,'32.01.05-010','32.01.25-008'),(630,4,'13:54:00.000000','16:00:00.000000',130,'32.01.25-008','32.01.05-004'),(631,5,'16:00:00.000000','16:55:00.000000',130,'32.01.05-004','32.01.25-002'),(632,1,'07:00:00.000000','10:35:00.000000',131,'32.01.25-002','32.01.26-003'),(633,2,'10:35:00.000000','16:14:00.000000',131,'32.01.26-003','32.01.25-001'),(634,3,'16:14:00.000000','16:21:00.000000',131,'32.01.25-001','32.01.25-002'),(635,1,'07:00:00.000000','08:18:00.000000',132,'32.01.25-002','32.01.26-009'),(636,2,'08:18:00.000000','11:18:00.000000',132,'32.01.26-009','32.01.05-001'),(637,3,'11:18:00.000000','12:23:00.000000',132,'32.01.05-001','32.01.05-009'),(638,4,'12:23:00.000000','14:49:00.000000',132,'32.01.05-009','32.01.01-009'),(639,5,'14:49:00.000000','16:41:00.000000',132,'32.01.01-009','32.01.25-005'),(640,6,'16:41:00.000000','16:53:00.000000',132,'32.01.25-005','32.01.25-002'),(641,1,'07:00:00.000000','10:27:00.000000',133,'32.01.25-002','32.01.07-010'),(642,2,'10:27:00.000000','13:58:00.000000',133,'32.01.07-010','32.01.25-003'),(643,3,'13:58:00.000000','14:20:00.000000',133,'32.01.25-003','32.01.25-002'),(644,1,'07:00:00.000000','10:19:00.000000',134,'32.01.25-002','32.01.07-001'),(645,2,'10:19:00.000000','13:34:00.000000',134,'32.01.07-001','32.01.05-005'),(646,3,'13:34:00.000000','16:32:00.000000',134,'32.01.05-005','32.01.25-003'),(647,4,'16:32:00.000000','16:54:00.000000',134,'32.01.25-003','32.01.25-002'),(648,1,'07:00:00.000000','08:18:00.000000',135,'32.01.25-002','32.01.26-009'),(649,2,'08:18:00.000000','09:51:00.000000',135,'32.01.26-009','32.01.01-004'),(650,3,'09:51:00.000000','11:35:00.000000',135,'32.01.01-004','32.01.25-005'),(651,4,'11:35:00.000000','16:39:00.000000',135,'32.01.25-005','32.01.25-006'),(652,5,'16:39:00.000000','16:55:00.000000',135,'32.01.25-006','32.01.25-002'),(653,1,'07:00:00.000000','10:35:00.000000',136,'32.01.25-002','32.01.26-003'),(654,2,'10:35:00.000000','13:37:00.000000',136,'32.01.26-003','32.01.01-009'),(655,3,'13:37:00.000000','14:44:00.000000',136,'32.01.01-009','32.01.01-007'),(656,4,'14:44:00.000000','15:38:00.000000',136,'32.01.01-007','32.01.25-002'),(657,1,'07:00:00.000000','08:55:00.000000',137,'32.01.25-002','32.01.05-004'),(658,2,'08:55:00.000000','10:09:00.000000',137,'32.01.05-004','32.01.05-009'),(659,3,'10:09:00.000000','11:54:00.000000',137,'32.01.05-009','32.01.07-005'),(660,4,'11:54:00.000000','15:25:00.000000',137,'32.01.07-005','32.01.25-004'),(661,5,'15:25:00.000000','15:38:00.000000',137,'32.01.25-004','32.01.25-002'),(662,1,'07:00:00.000000','09:42:00.000000',138,'32.01.25-002','32.01.05-003'),(663,2,'09:42:00.000000','11:04:00.000000',138,'32.01.05-003','32.01.26-008'),(664,3,'11:04:00.000000','12:35:00.000000',138,'32.01.26-008','32.01.01-005'),(665,4,'12:35:00.000000','15:14:00.000000',138,'32.01.01-005','32.01.01-003'),(666,5,'15:14:00.000000','16:35:00.000000',138,'32.01.01-003','32.01.25-002'),(667,1,'07:00:00.000000','10:12:00.000000',139,'32.01.25-002','32.01.05-001'),(668,2,'10:12:00.000000','14:38:00.000000',139,'32.01.05-001','32.01.25-008'),(669,3,'14:38:00.000000','15:03:00.000000',139,'32.01.25-008','32.01.25-002'),(670,1,'07:00:00.000000','08:45:00.000000',140,'32.01.25-002','32.01.05-010'),(671,2,'08:45:00.000000','10:42:00.000000',140,'32.01.05-010','32.01.25-009'),(672,3,'10:42:00.000000','14:21:00.000000',140,'32.01.25-009','32.01.26-002'),(673,4,'14:21:00.000000','15:45:00.000000',140,'32.01.26-002','32.01.26-007'),(674,5,'15:45:00.000000','16:05:00.000000',140,'32.01.26-007','32.01.25-002'),(675,1,'11:00:00.000000','12:05:00.000000',141,'32.01.05-008','32.01.05-009'),(676,2,'12:05:00.000000','17:16:00.000000',141,'32.01.05-009','32.01.05-007'),(677,3,'17:16:00.000000','19:21:00.000000',141,'32.01.05-007','32.01.05-005'),(678,4,'19:21:00.000000','19:31:00.000000',141,'32.01.05-005','32.01.05-008'),(679,1,'11:00:00.000000','13:30:00.000000',142,'32.01.05-008','32.01.25-004'),(680,2,'13:30:00.000000','18:43:00.000000',142,'32.01.25-004','32.01.25-001'),(681,3,'18:43:00.000000','19:25:00.000000',142,'32.01.25-001','32.01.05-008'),(682,1,'11:00:00.000000','13:34:00.000000',143,'32.01.05-008','32.01.05-001'),(683,2,'13:34:00.000000','15:02:00.000000',143,'32.01.05-001','32.01.26-009'),(684,3,'15:02:00.000000','15:25:00.000000',143,'32.01.26-009','32.01.05-008'),(685,1,'10:00:00.000000','11:45:00.000000',144,'32.01.05-008','32.01.07-006'),(686,2,'11:45:00.000000','15:07:00.000000',144,'32.01.07-006','32.01.05-001'),(687,3,'15:07:00.000000','17:18:00.000000',144,'32.01.05-001','32.01.05-005'),(688,4,'17:18:00.000000','17:28:00.000000',144,'32.01.05-005','32.01.05-008'),(689,1,'10:00:00.000000','12:30:00.000000',145,'32.01.05-008','32.01.25-004'),(690,2,'12:30:00.000000','15:57:00.000000',145,'32.01.25-004','32.01.25-008'),(691,3,'15:57:00.000000','17:53:00.000000',145,'32.01.25-008','32.01.05-009'),(692,4,'17:53:00.000000','18:00:00.000000',145,'32.01.05-009','32.01.05-008'),(693,1,'03:03:00.000000','05:46:00.000000',146,'32.01.03-001','32.01.05-001'),(694,2,'05:46:00.000000','06:06:00.000000',146,'32.01.05-001','32.01.03-001');
/*!40000 ALTER TABLE `detailitinerary` ENABLE KEYS */;
UNLOCK TABLES;

--
-- Table structure for table `django_admin_log`
--

DROP TABLE IF EXISTS `django_admin_log`;
/*!40101 SET @saved_cs_client     = @@character_set_client */;
/*!50503 SET character_set_client = utf8mb4 */;
CREATE TABLE `django_admin_log` (
  `id` int NOT NULL AUTO_INCREMENT,
  `action_time` datetime(6) NOT NULL,
  `object_id` longtext,
  `object_repr` varchar(200) NOT NULL,
  `action_flag` smallint unsigned NOT NULL,
  `change_message` longtext NOT NULL,
  `content_type_id` int DEFAULT NULL,
  `user_id` int NOT NULL,
  PRIMARY KEY (`id`),
  KEY `django_admin_log_content_type_id_c4bce8eb_fk_django_co` (`content_type_id`),
  KEY `django_admin_log_user_id_c564eba6_fk_auth_user_id` (`user_id`),
  CONSTRAINT `django_admin_log_content_type_id_c4bce8eb_fk_django_co` FOREIGN KEY (`content_type_id`) REFERENCES `django_content_type` (`id`),
  CONSTRAINT `django_admin_log_user_id_c564eba6_fk_auth_user_id` FOREIGN KEY (`user_id`) REFERENCES `auth_user` (`id`),
  CONSTRAINT `django_admin_log_chk_1` CHECK ((`action_flag` >= 0))
) ENGINE=InnoDB DEFAULT CHARSET=utf8mb4 COLLATE=utf8mb4_0900_ai_ci;
/*!40101 SET character_set_client = @saved_cs_client */;

--
-- Dumping data for table `django_admin_log`
--

LOCK TABLES `django_admin_log` WRITE;
/*!40000 ALTER TABLE `django_admin_log` DISABLE KEYS */;
/*!40000 ALTER TABLE `django_admin_log` ENABLE KEYS */;
UNLOCK TABLES;

--
-- Table structure for table `django_content_type`
--

DROP TABLE IF EXISTS `django_content_type`;
/*!40101 SET @saved_cs_client     = @@character_set_client */;
/*!50503 SET character_set_client = utf8mb4 */;
CREATE TABLE `django_content_type` (
  `id` int NOT NULL AUTO_INCREMENT,
  `app_label` varchar(100) NOT NULL,
  `model` varchar(100) NOT NULL,
  PRIMARY KEY (`id`),
  UNIQUE KEY `django_content_type_app_label_model_76bd3d3b_uniq` (`app_label`,`model`)
) ENGINE=InnoDB AUTO_INCREMENT=22 DEFAULT CHARSET=utf8mb4 COLLATE=utf8mb4_0900_ai_ci;
/*!40101 SET character_set_client = @saved_cs_client */;

--
-- Dumping data for table `django_content_type`
--

LOCK TABLES `django_content_type` WRITE;
/*!40000 ALTER TABLE `django_content_type` DISABLE KEYS */;
INSERT INTO `django_content_type` VALUES (1,'admin','logentry'),(9,'app','anggota'),(12,'app','berita'),(21,'app','detailitinerary'),(18,'app','hasilitinerary'),(20,'app','headeritinerary'),(17,'app','jarakobyek'),(10,'app','kabupaten'),(16,'app','kategoriberita'),(15,'app','kategoriwisata'),(11,'app','kecamatan'),(14,'app','kegiatan'),(13,'app','obyekwisata'),(7,'app','pengelola'),(8,'app','provinsi'),(19,'app','skipitinerary'),(3,'auth','group'),(2,'auth','permission'),(4,'auth','user'),(5,'contenttypes','contenttype'),(6,'sessions','session');
/*!40000 ALTER TABLE `django_content_type` ENABLE KEYS */;
UNLOCK TABLES;

--
-- Table structure for table `django_migrations`
--

DROP TABLE IF EXISTS `django_migrations`;
/*!40101 SET @saved_cs_client     = @@character_set_client */;
/*!50503 SET character_set_client = utf8mb4 */;
CREATE TABLE `django_migrations` (
  `id` bigint NOT NULL AUTO_INCREMENT,
  `app` varchar(255) NOT NULL,
  `name` varchar(255) NOT NULL,
  `applied` datetime(6) NOT NULL,
  PRIMARY KEY (`id`)
) ENGINE=InnoDB AUTO_INCREMENT=43 DEFAULT CHARSET=utf8mb4 COLLATE=utf8mb4_0900_ai_ci;
/*!40101 SET character_set_client = @saved_cs_client */;

--
-- Dumping data for table `django_migrations`
--

LOCK TABLES `django_migrations` WRITE;
/*!40000 ALTER TABLE `django_migrations` DISABLE KEYS */;
INSERT INTO `django_migrations` VALUES (1,'contenttypes','0001_initial','2025-09-03 14:58:46.680293'),(2,'auth','0001_initial','2025-09-03 14:58:47.160179'),(3,'admin','0001_initial','2025-09-03 14:58:47.299620'),(4,'admin','0002_logentry_remove_auto_add','2025-09-03 14:58:47.306615'),(5,'admin','0003_logentry_add_action_flag_choices','2025-09-03 14:58:47.312124'),(6,'app','0001_initial','2025-09-03 14:58:47.363478'),(7,'contenttypes','0002_remove_content_type_name','2025-09-03 14:58:47.431172'),(8,'auth','0002_alter_permission_name_max_length','2025-09-03 14:58:47.486803'),(9,'auth','0003_alter_user_email_max_length','2025-09-03 14:58:47.507191'),(10,'auth','0004_alter_user_username_opts','2025-09-03 14:58:47.516205'),(11,'auth','0005_alter_user_last_login_null','2025-09-03 14:58:47.567113'),(12,'auth','0006_require_contenttypes_0002','2025-09-03 14:58:47.569472'),(13,'auth','0007_alter_validators_add_error_messages','2025-09-03 14:58:47.575645'),(14,'auth','0008_alter_user_username_max_length','2025-09-03 14:58:47.630123'),(15,'auth','0009_alter_user_last_name_max_length','2025-09-03 14:58:47.683795'),(16,'auth','0010_alter_group_name_max_length','2025-09-03 14:58:47.699627'),(17,'auth','0011_update_proxy_permissions','2025-09-03 14:58:47.706705'),(18,'auth','0012_alter_user_first_name_max_length','2025-09-03 14:58:47.759055'),(19,'sessions','0001_initial','2025-09-03 14:58:47.794482'),(20,'app','0002_auto_20250915_2210','2025-09-15 15:10:08.463812'),(21,'app','0003_auto_20250918_2359','2025-09-18 16:59:11.281904'),(22,'app','0004_rename_kabupatenalamat_kecamatan_kecamatanalamat','2025-09-19 09:21:38.878114'),(23,'app','0005_berita_kategoriberita_kategoriwisata_kegiatan_obyekwisata','2025-09-19 12:35:24.644762'),(24,'app','0006_auto_20250919_1957','2025-09-19 12:57:11.025119'),(25,'app','0007_auto_20250919_2149','2025-09-19 14:49:21.272222'),(26,'app','0008_alter_obyekwisata_kategorikode','2025-09-19 14:56:35.367294'),(27,'app','0009_jarakobyek','2025-09-23 08:49:59.709252'),(28,'app','0010_rename_eventnama_kegiatan_eventnama','2025-09-27 03:55:29.484703'),(29,'app','0011_remove_kabupaten_kabupatennama','2025-09-29 14:08:30.609753'),(30,'app','0012_kabupaten_kabupatennama','2025-09-29 14:10:53.096668'),(31,'app','0013_obyekwisata_obyekwaktukunjung','2025-10-05 06:55:42.125464'),(32,'app','0014_hasilitinerary','2025-10-09 14:10:33.087804'),(33,'app','0015_auto_20251009_2235','2025-10-09 15:35:09.258267'),(34,'app','0016_remove_hasilitinerary_jumlahjarak_and_more','2025-10-11 03:40:36.935417'),(35,'app','0017_auto_20251018_1045','2025-10-18 03:45:18.102723'),(36,'app','0018_alter_headeritinerary_hasilkode_and_more','2025-10-18 10:32:42.897469'),(37,'app','0019_alter_skipitinerary_obyekkode','2025-10-18 12:05:02.386017'),(38,'app','0020_auto_20251020_2158','2025-10-20 14:58:26.429073'),(39,'app','0021_delete_detailitinerary','2025-10-20 15:23:53.820557'),(40,'app','0022_auto_20251020_2225','2025-10-20 15:25:51.014626'),(41,'app','0023_hasilitinerary_score','2025-10-24 14:35:32.730636'),(42,'app','0024_alter_hasilitinerary_score','2025-10-27 03:09:10.523673');
/*!40000 ALTER TABLE `django_migrations` ENABLE KEYS */;
UNLOCK TABLES;

--
-- Table structure for table `django_session`
--

DROP TABLE IF EXISTS `django_session`;
/*!40101 SET @saved_cs_client     = @@character_set_client */;
/*!50503 SET character_set_client = utf8mb4 */;
CREATE TABLE `django_session` (
  `session_key` varchar(40) NOT NULL,
  `session_data` longtext NOT NULL,
  `expire_date` datetime(6) NOT NULL,
  PRIMARY KEY (`session_key`),
  KEY `django_session_expire_date_a5c62663` (`expire_date`)
) ENGINE=InnoDB DEFAULT CHARSET=utf8mb4 COLLATE=utf8mb4_0900_ai_ci;
/*!40101 SET character_set_client = @saved_cs_client */;

--
-- Dumping data for table `django_session`
--

LOCK TABLES `django_session` WRITE;
/*!40000 ALTER TABLE `django_session` DISABLE KEYS */;
INSERT INTO `django_session` VALUES ('2hmiop2r9h0bch6oppxpajr4lr37fm71','eyJ1c2VyX2lkIjoiRDAxIn0:1uzG00:7gAI_LfvKV7XeozSaNc_ThyPsNTB3QyL6Py_5wBpK5s','2025-10-02 14:52:40.109017'),('4ifhv3aio9r44tsr9fc6x7urf08vgdnb','eyJ1c2VyX2lkIjoiRDAxIn0:1uzFtV:Sap9NASNglL0f_5CkRPUvB_s83_PMowFNP9drETdobQ','2025-10-02 14:45:57.621982'),('4ssl6szan2cig2hpeg8xah6e9ewulolm','eyJ1c2VyX2lkIjoiRDAxIn0:1v14ML:v0J8w_MoF6fHiiYi0PV-pg3nglvLjBEYh_-F7LaxK9o','2025-10-07 14:51:13.802167'),('ankvpf57ouu31dcx47y8rjjjfccbeca8','eyJ1c2VyX2lkIjoiRDAxIn0:1uyYEv:LQptR2r8iDZ7QMuBQGNsQbFBCo_8GwaClhfGZ7UfRqc','2025-09-30 16:09:09.953770'),('ehe109f0pdqzx26kus8pk756divmkk3p','eyJ1c2VyX2lkIjoiRDAxIn0:1v0IBm:TruDSGcPAAwebMLCUNaTmddoLyYhDtAb0fRPlRnp6Rs','2025-10-05 11:25:06.036604'),('gcauepm05xr1l5pdepmimqz0f9eg6otu','eyJ1c2VyX2lkIjoiRDAxIn0:1v0gSo:lIe6HwlGcAd07mARVUTZVSzJvnYZbmtOkGiMuEtE84M','2025-10-06 13:20:18.667786'),('hanbsbnj48iyt6d1fmc73m00zc7h29u3','eyJ1c2VyX2lkIjoiRDAxIn0:1uyomY:CUeM_zOr_SFnNGP4qUErYD0wvbvXG8juV4b92SbOeQI','2025-10-01 09:48:58.384403'),('u9go21lhytqefphd46hoztdamn8u55f8','eyJ1c2VyX2lkIjoiRDAxIn0:1uzaci:1FtfW85FFxNNaSKaj_iENx4QvPRH_QpmjzqyXNMc8d8','2025-10-03 12:54:00.873907'),('xx5owybhwhcqo6wph0qxjcm1fqsntses','eyJ1c2VyX2lkIjoiRDAxIn0:1uyYpY:7X7sb-9qXHCGzS0403IDOPpZhK6v0S0ENHtS8a8mw-o','2025-09-30 16:47:00.546507'),('ynkeqybujbwtwwadamomrrkajxchigiq','eyJ1c2VyX2lkIjoxLCJha3VuX2lkIjoxfQ:1vGp5X:ue0zYT4EDatugwK3irYBnHCzhOFjVxiHZUxg5U6A45M','2025-11-20 01:46:59.136820');
/*!40000 ALTER TABLE `django_session` ENABLE KEYS */;
UNLOCK TABLES;

--
-- Table structure for table `hasilitinerary`
--

DROP TABLE IF EXISTS `hasilitinerary`;
/*!40101 SET @saved_cs_client     = @@character_set_client */;
/*!50503 SET character_set_client = utf8mb4 */;
CREATE TABLE `hasilitinerary` (
  `hasilKODE` int NOT NULL AUTO_INCREMENT,
  `datecreated` date DEFAULT NULL,
  `anggotaKODE` int DEFAULT NULL,
  `jam_mulai` time(6) DEFAULT NULL,
  `jam_selesai` time(6) DEFAULT NULL,
  `judul_itinerary` varchar(255) DEFAULT NULL,
  `score` decimal(10,2) DEFAULT NULL,
  PRIMARY KEY (`hasilKODE`),
  KEY `hasilitinerary_anggotaKODE_d03906db_fk_anggota_anggotaKODE` (`anggotaKODE`),
  CONSTRAINT `hasilitinerary_anggotaKODE_d03906db_fk_anggota_anggotaKODE` FOREIGN KEY (`anggotaKODE`) REFERENCES `anggota` (`anggotaKODE`)
) ENGINE=InnoDB AUTO_INCREMENT=34 DEFAULT CHARSET=utf8mb4 COLLATE=utf8mb4_0900_ai_ci;
/*!40101 SET character_set_client = @saved_cs_client */;

--
-- Dumping data for table `hasilitinerary`
--

LOCK TABLES `hasilitinerary` WRITE;
/*!40000 ALTER TABLE `hasilitinerary` DISABLE KEYS */;
INSERT INTO `hasilitinerary` VALUES (1,'2025-11-03',1,'07:00:00.000000','17:00:00.000000','2hari36destinasi_1',436.50),(2,'2025-11-03',1,'07:00:00.000000','17:00:00.000000','2hari36destinasi_2',412.75),(3,'2025-11-03',1,'07:00:00.000000','17:00:00.000000','2hari36destinasi_3',506.75),(4,'2025-11-03',1,'07:00:00.000000','17:00:00.000000','2hari36destinasi_4',525.00),(5,'2025-11-03',1,'07:00:00.000000','17:00:00.000000','2hari36destinasi_5',445.25),(6,'2025-11-03',1,'07:00:00.000000','17:00:00.000000','2hari36destinasi_6',465.25),(7,'2025-11-03',1,'07:00:00.000000','17:00:00.000000','2hari36destinasi_7',458.00),(8,'2025-11-03',1,'07:00:00.000000','17:00:00.000000','2hari36destinasi_8',487.75),(9,'2025-11-03',1,'07:00:00.000000','17:00:00.000000','2hari36destinasi_9',409.75),(10,'2025-11-03',1,'07:00:00.000000','17:00:00.000000','2hari36destinasi_10',392.25),(11,'2025-11-03',1,'07:00:00.000000','17:00:00.000000','5hari36destinasi_1',1058.50),(12,'2025-11-03',1,'07:00:00.000000','17:00:00.000000','5hari36destinasi_2',1035.00),(13,'2025-11-03',1,'07:00:00.000000','17:00:00.000000','5hari36destinasi_3',1047.50),(14,'2025-11-03',1,'07:00:00.000000','17:00:00.000000','5hari36destinasi_4',1158.75),(15,'2025-11-03',1,'07:00:00.000000','17:00:00.000000','5hari36destinasi_5',1108.75),(16,'2025-11-03',1,'07:00:00.000000','17:00:00.000000','5hari36destinasi_6',1065.75),(17,'2025-11-03',1,'07:00:00.000000','17:00:00.000000','5hari36destinasi_7',1085.25),(18,'2025-11-03',1,'07:00:00.000000','17:00:00.000000','5hari36destinasi_8',1103.25),(19,'2025-11-03',1,'07:00:00.000000','17:00:00.000000','5hari36destinasi_9',1080.50),(20,'2025-11-03',1,'07:00:00.000000','17:00:00.000000','5hari36destinasi_10',1107.00),(21,'2025-11-03',1,'07:00:00.000000','17:00:00.000000','7hari36destinasi_1',1423.25),(22,'2025-11-03',1,'07:00:00.000000','17:00:00.000000','7hari36destinasi_2',1428.75),(23,'2025-11-03',1,'07:00:00.000000','17:00:00.000000','7hari36destinasi_3',1386.25),(24,'2025-11-03',1,'07:00:00.000000','17:00:00.000000','7hari36destinasi_4',1468.25),(25,'2025-11-03',1,'07:00:00.000000','17:00:00.000000','7hari36destinasi_5',1383.50),(26,'2025-11-03',1,'07:00:00.000000','17:00:00.000000','7hari36destinasi_6',1480.50),(27,'2025-11-03',1,'07:00:00.000000','17:00:00.000000','7hari36destinasi_7',1448.50),(28,'2025-11-03',1,'07:00:00.000000','17:00:00.000000','7hari36destinasi_8',1443.25),(29,'2025-11-03',1,'07:00:00.000000','17:00:00.000000','7hari36destinasi_9',1427.50),(30,'2025-11-03',1,'07:00:00.000000','17:00:00.000000','7hari36destinasi_10',1463.25),(31,'2025-11-06',1,'11:00:00.000000','20:00:00.000000','Liburan Natal Wanto',451.50),(32,'2025-11-06',1,'10:00:00.000000','18:00:00.000000','Jalan Jalan',400.75),(33,'2025-11-06',1,'03:03:00.000000','19:00:00.000000','Test',64.50);
/*!40000 ALTER TABLE `hasilitinerary` ENABLE KEYS */;
UNLOCK TABLES;

--
-- Table structure for table `headeritinerary`
--

DROP TABLE IF EXISTS `headeritinerary`;
/*!40101 SET @saved_cs_client     = @@character_set_client */;
/*!50503 SET character_set_client = utf8mb4 */;
CREATE TABLE `headeritinerary` (
  `headerKODE` int NOT NULL AUTO_INCREMENT,
  `hari` int DEFAULT NULL,
  `jam_mulai` time(6) DEFAULT NULL,
  `jam_selesai` time(6) DEFAULT NULL,
  `hasilKODE` int DEFAULT NULL,
  PRIMARY KEY (`headerKODE`),
  UNIQUE KEY `unique_header_hasil_hari` (`hasilKODE`,`hari`),
  CONSTRAINT `headeritinerary_hasilKODE_2554d62c_fk_hasilitinerary_hasilKODE` FOREIGN KEY (`hasilKODE`) REFERENCES `hasilitinerary` (`hasilKODE`)
) ENGINE=InnoDB AUTO_INCREMENT=147 DEFAULT CHARSET=utf8mb4 COLLATE=utf8mb4_0900_ai_ci;
/*!40101 SET character_set_client = @saved_cs_client */;

--
-- Dumping data for table `headeritinerary`
--

LOCK TABLES `headeritinerary` WRITE;
/*!40000 ALTER TABLE `headeritinerary` DISABLE KEYS */;
INSERT INTO `headeritinerary` VALUES (1,1,'07:00:00.000000','16:23:00.000000',1),(2,2,'07:00:00.000000','16:43:00.000000',1),(3,1,'07:00:00.000000','16:53:00.000000',2),(4,2,'07:00:00.000000','15:53:00.000000',2),(5,1,'07:00:00.000000','15:53:00.000000',3),(6,2,'07:00:00.000000','16:54:00.000000',3),(7,1,'07:00:00.000000','15:48:00.000000',4),(8,2,'07:00:00.000000','16:57:00.000000',4),(9,1,'07:00:00.000000','16:57:00.000000',5),(10,2,'07:00:00.000000','15:29:00.000000',5),(11,1,'07:00:00.000000','16:46:00.000000',6),(12,2,'07:00:00.000000','17:00:00.000000',6),(13,1,'07:00:00.000000','16:27:00.000000',7),(14,2,'07:00:00.000000','16:50:00.000000',7),(15,1,'07:00:00.000000','16:51:00.000000',8),(16,2,'07:00:00.000000','15:55:00.000000',8),(17,1,'07:00:00.000000','15:18:00.000000',9),(18,2,'07:00:00.000000','16:01:00.000000',9),(19,1,'07:00:00.000000','15:44:00.000000',10),(20,2,'07:00:00.000000','15:40:00.000000',10),(21,1,'07:00:00.000000','16:14:00.000000',11),(22,2,'07:00:00.000000','16:58:00.000000',11),(23,3,'07:00:00.000000','16:03:00.000000',11),(24,4,'07:00:00.000000','14:58:00.000000',11),(25,5,'07:00:00.000000','15:06:00.000000',11),(26,1,'07:00:00.000000','13:48:00.000000',12),(27,2,'07:00:00.000000','16:49:00.000000',12),(28,3,'07:00:00.000000','16:19:00.000000',12),(29,4,'07:00:00.000000','15:07:00.000000',12),(30,5,'07:00:00.000000','16:57:00.000000',12),(31,1,'07:00:00.000000','16:26:00.000000',13),(32,2,'07:00:00.000000','16:22:00.000000',13),(33,3,'07:00:00.000000','15:02:00.000000',13),(34,4,'07:00:00.000000','16:19:00.000000',13),(35,5,'07:00:00.000000','16:56:00.000000',13),(36,1,'07:00:00.000000','16:56:00.000000',14),(37,2,'07:00:00.000000','16:32:00.000000',14),(38,3,'07:00:00.000000','16:40:00.000000',14),(39,4,'07:00:00.000000','14:27:00.000000',14),(40,5,'07:00:00.000000','16:25:00.000000',14),(41,1,'07:00:00.000000','15:50:00.000000',15),(42,2,'07:00:00.000000','16:50:00.000000',15),(43,3,'07:00:00.000000','16:15:00.000000',15),(44,4,'07:00:00.000000','16:59:00.000000',15),(45,5,'07:00:00.000000','16:46:00.000000',15),(46,1,'07:00:00.000000','16:52:00.000000',16),(47,2,'07:00:00.000000','16:40:00.000000',16),(48,3,'07:00:00.000000','16:10:00.000000',16),(49,4,'07:00:00.000000','16:33:00.000000',16),(50,5,'07:00:00.000000','14:48:00.000000',16),(51,1,'07:00:00.000000','16:53:00.000000',17),(52,2,'07:00:00.000000','16:34:00.000000',17),(53,3,'07:00:00.000000','16:41:00.000000',17),(54,4,'07:00:00.000000','16:00:00.000000',17),(55,5,'07:00:00.000000','14:58:00.000000',17),(56,1,'07:00:00.000000','15:13:00.000000',18),(57,2,'07:00:00.000000','16:00:00.000000',18),(58,3,'07:00:00.000000','16:01:00.000000',18),(59,4,'07:00:00.000000','16:51:00.000000',18),(60,5,'07:00:00.000000','16:58:00.000000',18),(61,1,'07:00:00.000000','16:28:00.000000',19),(62,2,'07:00:00.000000','16:47:00.000000',19),(63,3,'07:00:00.000000','15:43:00.000000',19),(64,4,'07:00:00.000000','16:49:00.000000',19),(65,5,'07:00:00.000000','15:00:00.000000',19),(66,1,'07:00:00.000000','14:24:00.000000',20),(67,2,'07:00:00.000000','15:08:00.000000',20),(68,3,'07:00:00.000000','15:36:00.000000',20),(69,4,'07:00:00.000000','16:43:00.000000',20),(70,5,'07:00:00.000000','16:57:00.000000',20),(71,1,'07:00:00.000000','16:18:00.000000',21),(72,2,'07:00:00.000000','16:54:00.000000',21),(73,3,'07:00:00.000000','16:42:00.000000',21),(74,4,'07:00:00.000000','13:43:00.000000',21),(75,5,'07:00:00.000000','13:06:00.000000',21),(76,6,'07:00:00.000000','16:24:00.000000',21),(77,7,'07:00:00.000000','13:16:00.000000',21),(78,1,'07:00:00.000000','15:07:00.000000',22),(79,2,'07:00:00.000000','16:24:00.000000',22),(80,3,'07:00:00.000000','15:36:00.000000',22),(81,4,'07:00:00.000000','16:34:00.000000',22),(82,5,'07:00:00.000000','15:58:00.000000',22),(83,6,'07:00:00.000000','15:55:00.000000',22),(84,7,'07:00:00.000000','16:11:00.000000',22),(85,1,'07:00:00.000000','13:37:00.000000',23),(86,2,'07:00:00.000000','16:56:00.000000',23),(87,3,'07:00:00.000000','14:56:00.000000',23),(88,4,'07:00:00.000000','16:41:00.000000',23),(89,5,'07:00:00.000000','15:20:00.000000',23),(90,6,'07:00:00.000000','16:58:00.000000',23),(91,7,'07:00:00.000000','16:57:00.000000',23),(92,1,'07:00:00.000000','16:12:00.000000',24),(93,2,'07:00:00.000000','16:52:00.000000',24),(94,3,'07:00:00.000000','16:01:00.000000',24),(95,4,'07:00:00.000000','16:13:00.000000',24),(96,5,'07:00:00.000000','14:50:00.000000',24),(97,6,'07:00:00.000000','15:15:00.000000',24),(98,7,'07:00:00.000000','16:30:00.000000',24),(99,1,'07:00:00.000000','15:06:00.000000',25),(100,2,'07:00:00.000000','16:16:00.000000',25),(101,3,'07:00:00.000000','17:00:00.000000',25),(102,4,'07:00:00.000000','16:12:00.000000',25),(103,5,'07:00:00.000000','15:28:00.000000',25),(104,6,'07:00:00.000000','16:03:00.000000',25),(105,7,'07:00:00.000000','12:39:00.000000',25),(106,1,'07:00:00.000000','16:41:00.000000',26),(107,2,'07:00:00.000000','15:43:00.000000',26),(108,3,'07:00:00.000000','14:31:00.000000',26),(109,4,'07:00:00.000000','16:49:00.000000',26),(110,5,'07:00:00.000000','16:49:00.000000',26),(111,6,'07:00:00.000000','16:08:00.000000',26),(112,7,'07:00:00.000000','16:01:00.000000',26),(113,1,'07:00:00.000000','16:35:00.000000',27),(114,2,'07:00:00.000000','16:14:00.000000',27),(115,3,'07:00:00.000000','14:37:00.000000',27),(116,4,'07:00:00.000000','14:42:00.000000',27),(117,5,'07:00:00.000000','15:52:00.000000',27),(118,6,'07:00:00.000000','16:21:00.000000',27),(119,7,'07:00:00.000000','16:13:00.000000',27),(120,1,'07:00:00.000000','16:39:00.000000',28),(121,2,'07:00:00.000000','15:35:00.000000',28),(122,3,'07:00:00.000000','15:24:00.000000',28),(123,4,'07:00:00.000000','16:04:00.000000',28),(124,5,'07:00:00.000000','15:39:00.000000',28),(125,6,'07:00:00.000000','16:05:00.000000',28),(126,7,'07:00:00.000000','13:32:00.000000',28),(127,1,'07:00:00.000000','15:11:00.000000',29),(128,2,'07:00:00.000000','16:52:00.000000',29),(129,3,'07:00:00.000000','16:23:00.000000',29),(130,4,'07:00:00.000000','16:55:00.000000',29),(131,5,'07:00:00.000000','16:21:00.000000',29),(132,6,'07:00:00.000000','16:53:00.000000',29),(133,7,'07:00:00.000000','14:20:00.000000',29),(134,1,'07:00:00.000000','16:54:00.000000',30),(135,2,'07:00:00.000000','16:55:00.000000',30),(136,3,'07:00:00.000000','15:38:00.000000',30),(137,4,'07:00:00.000000','15:38:00.000000',30),(138,5,'07:00:00.000000','16:35:00.000000',30),(139,6,'07:00:00.000000','15:03:00.000000',30),(140,7,'07:00:00.000000','16:05:00.000000',30),(141,1,'11:00:00.000000','19:31:00.000000',31),(142,2,'11:00:00.000000','19:25:00.000000',31),(143,3,'11:00:00.000000','15:25:00.000000',31),(144,1,'10:00:00.000000','17:28:00.000000',32),(145,2,'10:00:00.000000','18:00:00.000000',32),(146,1,'03:03:00.000000','06:06:00.000000',33);
/*!40000 ALTER TABLE `headeritinerary` ENABLE KEYS */;
UNLOCK TABLES;

--
-- Table structure for table `jarakobyek`
--

DROP TABLE IF EXISTS `jarakobyek`;
/*!40101 SET @saved_cs_client     = @@character_set_client */;
/*!50503 SET character_set_client = utf8mb4 */;
CREATE TABLE `jarakobyek` (
  `ruteKODE` int NOT NULL,
  `obyektempuh` longtext,
  `obyekrute` longtext,
  `obyekKODEasal` varchar(12) DEFAULT NULL,
  `obyekKODEtujuan` varchar(12) DEFAULT NULL,
  PRIMARY KEY (`ruteKODE`),
  KEY `jarakobyek_obyekKODEasal_67ec9cd5_fk_obyekwisata_obyekKODE` (`obyekKODEasal`),
  KEY `jarakobyek_obyekKODEtujuan_e31c9a51_fk_obyekwisata_obyekKODE` (`obyekKODEtujuan`),
  CONSTRAINT `jarakobyek_obyekKODEasal_67ec9cd5_fk_obyekwisata_obyekKODE` FOREIGN KEY (`obyekKODEasal`) REFERENCES `obyekwisata` (`obyekKODE`),
  CONSTRAINT `jarakobyek_obyekKODEtujuan_e31c9a51_fk_obyekwisata_obyekKODE` FOREIGN KEY (`obyekKODEtujuan`) REFERENCES `obyekwisata` (`obyekKODE`)
) ENGINE=InnoDB DEFAULT CHARSET=utf8mb4 COLLATE=utf8mb4_0900_ai_ci;
/*!40101 SET character_set_client = @saved_cs_client */;

--
-- Dumping data for table `jarakobyek`
--

LOCK TABLES `jarakobyek` WRITE;
/*!40000 ALTER TABLE `jarakobyek` DISABLE KEYS */;
INSERT INTO `jarakobyek` VALUES (1,'8','Melewati jalan biasa','32.01.05-001','32.01.05-002'),(2,'7','Melewati jalan biasa','32.01.05-001','32.01.05-003'),(3,'16','Melewati jalan biasa','32.01.05-001','32.01.05-004'),(4,'11','Melewati jalan biasa','32.01.05-001','32.01.05-005'),(5,'12','Melewati jalan biasa','32.01.05-001','32.01.05-006'),(6,'14','Melewati jalan biasa','32.01.05-001','32.01.05-007'),(7,'8','Melewati jalan biasa','32.01.05-001','32.01.05-008'),(8,'5','Melewati jalan biasa','32.01.05-001','32.01.05-009'),(9,'7','Melewati jalan biasa','32.01.05-001','32.01.05-010'),(10,'51','Melewati jalan tol','32.01.05-001','32.01.25-001'),(11,'50','Melewati jalan tol','32.01.05-001','32.01.25-002'),(12,'61','Melewati jalan tol','32.01.05-001','32.01.25-003'),(13,'34','Melewati jalan tol','32.01.05-001','32.01.25-004'),(14,'35','Melewati jalan tol','32.01.05-001','32.01.25-005'),(15,'32','Melewati jalan tol','32.01.05-001','32.01.25-006'),(16,'32','Melewati jalan tol','32.01.05-001','32.01.25-007'),(17,'86','Melewati jalan tol','32.01.05-001','32.01.25-008'),(18,'50','Melewati jalan tol','32.01.05-001','32.01.25-009'),(19,'33','Melewati jalan tol','32.01.05-001','32.01.25-010'),(20,'20','Melewati jalan tol','32.01.05-001','32.01.03-001'),(21,'28','Melewati jalan tol','32.01.05-001','32.01.01-001'),(22,'29','Melewati jalan tol','32.01.05-001','32.01.01-002'),(23,'23','Melewati jalan tol','32.01.05-001','32.01.01-003'),(24,'27','Melewati jalan tol','32.01.05-001','32.01.01-004'),(25,'30','Melewati jalan tol','32.01.05-001','32.01.01-005'),(26,'29','Melewati jalan tol','32.01.05-001','32.01.01-006'),(27,'34','Melewati jalan tol','32.01.05-001','32.01.01-007'),(28,'34','Melewati jalan tol','32.01.05-001','32.01.01-008'),(29,'31','Melewati jalan tol','32.01.05-001','32.01.01-009'),(30,'61','Melewati jalan tol','32.01.05-001','32.01.07-001'),(31,'57','Melewati jalan tol','32.01.05-001','32.01.07-002'),(32,'70','Melewati jalan tol','32.01.05-001','32.01.07-003'),(33,'48','Melewati jalan tol','32.01.05-001','32.01.07-004'),(34,'58','Melewati jalan tol','32.01.05-001','32.01.07-005'),(35,'57','Melewati jalan tol','32.01.05-001','32.01.07-006'),(36,'48','Melewati jalan tol','32.01.05-001','32.01.07-007'),(37,'50','Melewati jalan tol','32.01.05-001','32.01.07-008'),(38,'58','Melewati jalan tol','32.01.05-001','32.01.07-009'),(39,'72','Melewati jalan tol','32.01.05-001','32.01.07-010'),(40,'28','Melewati jalan tol','32.01.05-001','32.01.26-001'),(41,'48','Melewati jalan tol','32.01.05-001','32.01.26-002'),(42,'54','Melewati jalan tol','32.01.05-001','32.01.26-003'),(43,'30','Melewati jalan tol','32.01.05-001','32.01.26-004'),(44,'30','Melewati jalan tol','32.01.05-001','32.01.26-005'),(45,'29','Melewati jalan tol','32.01.05-001','32.01.26-006'),(46,'28','Melewati jalan tol','32.01.05-001','32.01.26-007'),(47,'29','Melewati jalan tol','32.01.05-001','32.01.26-008'),(48,'28','Melewati jalan tol','32.01.05-001','32.01.26-009'),(49,'27','Melewati jalan tol','32.01.05-001','32.01.26-010'),(50,'6','nan','32.01.05-002','32.01.05-001'),(51,'5','nan','32.01.05-002','32.01.05-003'),(52,'15','nan','32.01.05-002','32.01.05-004'),(53,'9','nan','32.01.05-002','32.01.05-005'),(54,'10','nan','32.01.05-002','32.01.05-006'),(55,'13','nan','32.01.05-002','32.01.05-007'),(56,'6','nan','32.01.05-002','32.01.05-008'),(57,'3','nan','32.01.05-002','32.01.05-009'),(58,'5','nan','32.01.05-002','32.01.05-010'),(59,'48','nan','32.01.05-002','32.01.25-001'),(60,'47','nan','32.01.05-002','32.01.25-002'),(61,'59','nan','32.01.05-002','32.01.25-003'),(62,'32','nan','32.01.05-002','32.01.25-004'),(63,'32','nan','32.01.05-002','32.01.25-005'),(64,'30','nan','32.01.05-002','32.01.25-006'),(65,'29','nan','32.01.05-002','32.01.25-007'),(66,'61','nan','32.01.05-002','32.01.25-008'),(67,'48','nan','32.01.05-002','32.01.25-009'),(68,'31','nan','32.01.05-002','32.01.25-010'),(69,'17','nan','32.01.05-002','32.01.03-001'),(70,'25','nan','32.01.05-002','32.01.01-001'),(71,'26','nan','32.01.05-002','32.01.01-002'),(72,'20','nan','32.01.05-002','32.01.01-003'),(73,'25','nan','32.01.05-002','32.01.01-004'),(74,'27','nan','32.01.05-002','32.01.01-005'),(75,'28','nan','32.01.05-002','32.01.01-006'),(76,'32','nan','32.01.05-002','32.01.01-007'),(77,'32','nan','32.01.05-002','32.01.01-008'),(78,'29','nan','32.01.05-002','32.01.01-009'),(79,'56','nan','32.01.05-002','32.01.07-001'),(80,'54','nan','32.01.05-002','32.01.07-002'),(81,'68','nan','32.01.05-002','32.01.07-003'),(82,'46','nan','32.01.05-002','32.01.07-004'),(83,'57','nan','32.01.05-002','32.01.07-005'),(84,'54','nan','32.01.05-002','32.01.07-006'),(85,'45','nan','32.01.05-002','32.01.07-007'),(86,'49','nan','32.01.05-002','32.01.07-008'),(87,'56','nan','32.01.05-002','32.01.07-009'),(88,'69','nan','32.01.05-002','32.01.07-010'),(89,'26','nan','32.01.05-002','32.01.26-001'),(90,'46','nan','32.01.05-002','32.01.26-002'),(91,'53','nan','32.01.05-002','32.01.26-003'),(92,'28','nan','32.01.05-002','32.01.26-004'),(93,'29','nan','32.01.05-002','32.01.26-005'),(94,'27','nan','32.01.05-002','32.01.26-006'),(95,'26','nan','32.01.05-002','32.01.26-007'),(96,'26','nan','32.01.05-002','32.01.26-008'),(97,'26','nan','32.01.05-002','32.01.26-009'),(98,'25','nan','32.01.05-002','32.01.26-010'),(99,'3','nan','32.01.05-003','32.01.05-001'),(100,'7','nan','32.01.05-003','32.01.05-002'),(101,'15','nan','32.01.05-003','32.01.05-004'),(102,'10','nan','32.01.05-003','32.01.05-005'),(103,'11','nan','32.01.05-003','32.01.05-006'),(104,'14','nan','32.01.05-003','32.01.05-007'),(105,'2','nan','32.01.05-003','32.01.05-008'),(106,'4','nan','32.01.05-003','32.01.05-009'),(107,'6','nan','32.01.05-003','32.01.05-010'),(108,'43','nan','32.01.05-003','32.01.25-001'),(109,'42','nan','32.01.05-003','32.01.25-002'),(110,'51','nan','32.01.05-003','32.01.25-003'),(111,'28','nan','32.01.05-003','32.01.25-004'),(112,'28','nan','32.01.05-003','32.01.25-005'),(113,'25','nan','32.01.05-003','32.01.25-006'),(114,'25','nan','32.01.05-003','32.01.25-007'),(115,'55','nan','32.01.05-003','32.01.25-008'),(116,'43','nan','32.01.05-003','32.01.25-009'),(117,'27','nan','32.01.05-003','32.01.25-010'),(118,'12','nan','32.01.05-003','32.01.03-001'),(119,'19','nan','32.01.05-003','32.01.01-001'),(120,'21','nan','32.01.05-003','32.01.01-002'),(121,'14','nan','32.01.05-003','32.01.01-003'),(122,'18','nan','32.01.05-003','32.01.01-004'),(123,'21','nan','32.01.05-003','32.01.01-005'),(124,'21','nan','32.01.05-003','32.01.01-006'),(125,'25','nan','32.01.05-003','32.01.01-007'),(126,'26','nan','32.01.05-003','32.01.01-008'),(127,'23','nan','32.01.05-003','32.01.01-009'),(128,'45','nan','32.01.05-003','32.01.07-001'),(129,'46','nan','32.01.05-003','32.01.07-002'),(130,'55','nan','32.01.05-003','32.01.07-003'),(131,'37','nan','32.01.05-003','32.01.07-004'),(132,'43','nan','32.01.05-003','32.01.07-005'),(133,'46','nan','32.01.05-003','32.01.07-006'),(134,'33','nan','32.01.05-003','32.01.07-007'),(135,'39','nan','32.01.05-003','32.01.07-008'),(136,'43','nan','32.01.05-003','32.01.07-009'),(137,'55','nan','32.01.05-003','32.01.07-010'),(138,'22','nan','32.01.05-003','32.01.26-001'),(139,'41','nan','32.01.05-003','32.01.26-002'),(140,'48','nan','32.01.05-003','32.01.26-003'),(141,'24','nan','32.01.05-003','32.01.26-004'),(142,'25','nan','32.01.05-003','32.01.26-005'),(143,'23','nan','32.01.05-003','32.01.26-006'),(144,'22','nan','32.01.05-003','32.01.26-007'),(145,'22','nan','32.01.05-003','32.01.26-008'),(146,'22','nan','32.01.05-003','32.01.26-009'),(147,'21','nan','32.01.05-003','32.01.26-010'),(148,'17','nan','32.01.05-004','32.01.05-001'),(149,'13','nan','32.01.05-004','32.01.05-002'),(150,'18','nan','32.01.05-004','32.01.05-003'),(151,'7','nan','32.01.05-004','32.01.05-005'),(152,'8','nan','32.01.05-004','32.01.05-006'),(153,'10','nan','32.01.05-004','32.01.05-007'),(154,'18','nan','32.01.05-004','32.01.05-008'),(155,'14','nan','32.01.05-004','32.01.05-009'),(156,'13','nan','32.01.05-004','32.01.05-010'),(157,'57','nan','32.01.05-004','32.01.25-001'),(158,'55','nan','32.01.05-004','32.01.25-002'),(159,'65','nan','32.01.05-004','32.01.25-003'),(160,'41','nan','32.01.05-004','32.01.25-004'),(161,'41','nan','32.01.05-004','32.01.25-005'),(162,'38','nan','32.01.05-004','32.01.25-006'),(163,'37','nan','32.01.05-004','32.01.25-007'),(164,'71','nan','32.01.05-004','32.01.25-008'),(165,'58','nan','32.01.05-004','32.01.25-009'),(166,'40','nan','32.01.05-004','32.01.25-010'),(167,'26','nan','32.01.05-004','32.01.03-001'),(168,'33','nan','32.01.05-004','32.01.01-001'),(169,'34','nan','32.01.05-004','32.01.01-002'),(170,'28','nan','32.01.05-004','32.01.01-003'),(171,'32','nan','32.01.05-004','32.01.01-004'),(172,'35','nan','32.01.05-004','32.01.01-005'),(173,'35','nan','32.01.05-004','32.01.01-006'),(174,'39','nan','32.01.05-004','32.01.01-007'),(175,'40','nan','32.01.05-004','32.01.01-008'),(176,'36','nan','32.01.05-004','32.01.01-009'),(177,'58','nan','32.01.05-004','32.01.07-001'),(178,'58','nan','32.01.05-004','32.01.07-002'),(179,'67','nan','32.01.05-004','32.01.07-003'),(180,'50','nan','32.01.05-004','32.01.07-004'),(181,'56','nan','32.01.05-004','32.01.07-005'),(182,'59','nan','32.01.05-004','32.01.07-006'),(183,'47','nan','32.01.05-004','32.01.07-007'),(184,'52','nan','32.01.05-004','32.01.07-008'),(185,'55','nan','32.01.05-004','32.01.07-009'),(186,'67','nan','32.01.05-004','32.01.07-010'),(187,'35','nan','32.01.05-004','32.01.26-001'),(188,'56','nan','32.01.05-004','32.01.26-002'),(189,'62','nan','32.01.05-004','32.01.26-003'),(190,'37','nan','32.01.05-004','32.01.26-004'),(191,'39','nan','32.01.05-004','32.01.26-005'),(192,'36','nan','32.01.05-004','32.01.26-006'),(193,'35','nan','32.01.05-004','32.01.26-007'),(194,'35','nan','32.01.05-004','32.01.26-008'),(195,'35','nan','32.01.05-004','32.01.26-009'),(196,'34','nan','32.01.05-004','32.01.26-010'),(197,'11','nan','32.01.05-005','32.01.05-001'),(198,'7','nan','32.01.05-005','32.01.05-002'),(199,'10','nan','32.01.05-005','32.01.05-003'),(200,'6','nan','32.01.05-005','32.01.05-004'),(201,'2','nan','32.01.05-005','32.01.05-006'),(202,'5','nan','32.01.05-005','32.01.05-007'),(203,'10','nan','32.01.05-005','32.01.05-008'),(204,'8','nan','32.01.05-005','32.01.05-009'),(205,'6','nan','32.01.05-005','32.01.05-010'),(206,'47','nan','32.01.05-005','32.01.25-001'),(207,'47','nan','32.01.05-005','32.01.25-002'),(208,'58','nan','32.01.05-005','32.01.25-003'),(209,'34','nan','32.01.05-005','32.01.25-004'),(210,'35','nan','32.01.05-005','32.01.25-005'),(211,'32','nan','32.01.05-005','32.01.25-006'),(212,'32','nan','32.01.05-005','32.01.25-007'),(213,'61','nan','32.01.05-005','32.01.25-008'),(214,'51','nan','32.01.05-005','32.01.25-009'),(215,'34','nan','32.01.05-005','32.01.25-010'),(216,'19','nan','32.01.05-005','32.01.03-001'),(217,'26','nan','32.01.05-005','32.01.01-001'),(218,'28','nan','32.01.05-005','32.01.01-002'),(219,'21','nan','32.01.05-005','32.01.01-003'),(220,'25','nan','32.01.05-005','32.01.01-004'),(221,'28','nan','32.01.05-005','32.01.01-005'),(222,'28','nan','32.01.05-005','32.01.01-006'),(223,'37','nan','32.01.05-005','32.01.01-007'),(224,'32','nan','32.01.05-005','32.01.01-008'),(225,'29','nan','32.01.05-005','32.01.01-009'),(226,'49','nan','32.01.05-005','32.01.07-001'),(227,'50','nan','32.01.05-005','32.01.07-002'),(228,'57','nan','32.01.05-005','32.01.07-003'),(229,'43','nan','32.01.05-005','32.01.07-004'),(230,'49','nan','32.01.05-005','32.01.07-005'),(231,'50','nan','32.01.05-005','32.01.07-006'),(232,'39','nan','32.01.05-005','32.01.07-007'),(233,'45','nan','32.01.05-005','32.01.07-008'),(234,'42','nan','32.01.05-005','32.01.07-009'),(235,'59','nan','32.01.05-005','32.01.07-010'),(236,'29','nan','32.01.05-005','32.01.26-001'),(237,'50','nan','32.01.05-005','32.01.26-002'),(238,'56','nan','32.01.05-005','32.01.26-003'),(239,'31','nan','32.01.05-005','32.01.26-004'),(240,'31','nan','32.01.05-005','32.01.26-005'),(241,'30','nan','32.01.05-005','32.01.26-006'),(242,'29','nan','32.01.05-005','32.01.26-007'),(243,'29','nan','32.01.05-005','32.01.26-008'),(244,'29','nan','32.01.05-005','32.01.26-009'),(245,'28','nan','32.01.05-005','32.01.26-010'),(246,'12','nan','32.01.05-006','32.01.05-001'),(247,'8','nan','32.01.05-006','32.01.05-002'),(248,'11','nan','32.01.05-006','32.01.05-003'),(249,'7','nan','32.01.05-006','32.01.05-004'),(250,'2','nan','32.01.05-006','32.01.05-005'),(251,'6','nan','32.01.05-006','32.01.05-007'),(252,'11','nan','32.01.05-006','32.01.05-008'),(253,'9','nan','32.01.05-006','32.01.05-009'),(254,'8','nan','32.01.05-006','32.01.05-010'),(255,'53','nan','32.01.05-006','32.01.25-001'),(256,'51','nan','32.01.05-006','32.01.25-002'),(257,'61','nan','32.01.05-006','32.01.25-003'),(258,'35','nan','32.01.05-006','32.01.25-004'),(259,'36','nan','32.01.05-006','32.01.25-005'),(260,'35','nan','32.01.05-006','32.01.25-006'),(261,'34','nan','32.01.05-006','32.01.25-007'),(262,'65','nan','32.01.05-006','32.01.25-008'),(263,'54','nan','32.01.05-006','32.01.25-009'),(264,'35','nan','32.01.05-006','32.01.25-010'),(265,'21','nan','32.01.05-006','32.01.03-001'),(266,'28','nan','32.01.05-006','32.01.01-001'),(267,'29','nan','32.01.05-006','32.01.01-002'),(268,'23','nan','32.01.05-006','32.01.01-003'),(269,'27','nan','32.01.05-006','32.01.01-004'),(270,'30','nan','32.01.05-006','32.01.01-005'),(271,'29','nan','32.01.05-006','32.01.01-006'),(272,'32','nan','32.01.05-006','32.01.01-007'),(273,'33','nan','32.01.05-006','32.01.01-008'),(274,'30','nan','32.01.05-006','32.01.01-009'),(275,'52','nan','32.01.05-006','32.01.07-001'),(276,'51','nan','32.01.05-006','32.01.07-002'),(277,'60','nan','32.01.05-006','32.01.07-003'),(278,'44','nan','32.01.05-006','32.01.07-004'),(279,'48','nan','32.01.05-006','32.01.07-005'),(280,'52','nan','32.01.05-006','32.01.07-006'),(281,'40','nan','32.01.05-006','32.01.07-007'),(282,'46','nan','32.01.05-006','32.01.07-008'),(283,'50','nan','32.01.05-006','32.01.07-009'),(284,'61','nan','32.01.05-006','32.01.07-010'),(285,'31','nan','32.01.05-006','32.01.26-001'),(286,'52','nan','32.01.05-006','32.01.26-002'),(287,'59','nan','32.01.05-006','32.01.26-003'),(288,'34','nan','32.01.05-006','32.01.26-004'),(289,'34','nan','32.01.05-006','32.01.26-005'),(290,'32','nan','32.01.05-006','32.01.26-006'),(291,'31','nan','32.01.05-006','32.01.26-007'),(292,'31','nan','32.01.05-006','32.01.26-008'),(293,'31','nan','32.01.05-006','32.01.26-009'),(294,'31','nan','32.01.05-006','32.01.26-010'),(295,'14','nan','32.01.05-007','32.01.05-001'),(296,'11','nan','32.01.05-007','32.01.05-002'),(297,'14','nan','32.01.05-007','32.01.05-003'),(298,'10','nan','32.01.05-007','32.01.05-004'),(299,'5','nan','32.01.05-007','32.01.05-005'),(300,'7','nan','32.01.05-007','32.01.05-006'),(301,'14','nan','32.01.05-007','32.01.05-008'),(302,'12','nan','32.01.05-007','32.01.05-009'),(303,'10','nan','32.01.05-007','32.01.05-010'),(304,'58','nan','32.01.05-007','32.01.25-001'),(305,'59','nan','32.01.05-007','32.01.25-002'),(306,'68','nan','32.01.05-007','32.01.25-003'),(307,'40','nan','32.01.05-007','32.01.25-004'),(308,'40','nan','32.01.05-007','32.01.25-005'),(309,'38','nan','32.01.05-007','32.01.25-006'),(310,'37','nan','32.01.05-007','32.01.25-007'),(311,'74','nan','32.01.05-007','32.01.25-008'),(312,'60','nan','32.01.05-007','32.01.25-009'),(313,'39','nan','32.01.05-007','32.01.25-010'),(314,'23','nan','32.01.05-007','32.01.03-001'),(315,'30','nan','32.01.05-007','32.01.01-001'),(316,'31','nan','32.01.05-007','32.01.01-002'),(317,'25','nan','32.01.05-007','32.01.01-003'),(318,'29','nan','32.01.05-007','32.01.01-004'),(319,'31','nan','32.01.05-007','32.01.01-005'),(320,'32','nan','32.01.05-007','32.01.01-006'),(321,'36','nan','32.01.05-007','32.01.01-007'),(322,'36','nan','32.01.05-007','32.01.01-008'),(323,'34','nan','32.01.05-007','32.01.01-009'),(324,'53','nan','32.01.05-007','32.01.07-001'),(325,'54','nan','32.01.05-007','32.01.07-002'),(326,'63','nan','32.01.05-007','32.01.07-003'),(327,'47','nan','32.01.05-007','32.01.07-004'),(328,'52','nan','32.01.05-007','32.01.07-005'),(329,'55','nan','32.01.05-007','32.01.07-006'),(330,'43','nan','32.01.05-007','32.01.07-007'),(331,'48','nan','32.01.05-007','32.01.07-008'),(332,'53','nan','32.01.05-007','32.01.07-009'),(333,'65','nan','32.01.05-007','32.01.07-010'),(334,'33','nan','32.01.05-007','32.01.26-001'),(335,'54','nan','32.01.05-007','32.01.26-002'),(336,'62','nan','32.01.05-007','32.01.26-003'),(337,'36','nan','32.01.05-007','32.01.26-004'),(338,'36','nan','32.01.05-007','32.01.26-005'),(339,'34','nan','32.01.05-007','32.01.26-006'),(340,'33','nan','32.01.05-007','32.01.26-007'),(341,'34','nan','32.01.05-007','32.01.26-008'),(342,'33','nan','32.01.05-007','32.01.26-009'),(343,'33','nan','32.01.05-007','32.01.26-010'),(344,'4','nan','32.01.05-008','32.01.05-001'),(345,'7','nan','32.01.05-008','32.01.05-002'),(346,'2','nan','32.01.05-008','32.01.05-003'),(347,'16','nan','32.01.05-008','32.01.05-004'),(348,'11','nan','32.01.05-008','32.01.05-005'),(349,'12','nan','32.01.05-008','32.01.05-006'),(350,'14','nan','32.01.05-008','32.01.05-007'),(351,'5','nan','32.01.05-008','32.01.05-009'),(352,'7','nan','32.01.05-008','32.01.05-010'),(353,'50','nan','32.01.05-008','32.01.25-001'),(354,'49','nan','32.01.05-008','32.01.25-002'),(355,'58','nan','32.01.05-008','32.01.25-003'),(356,'30','nan','32.01.05-008','32.01.25-004'),(357,'30','nan','32.01.05-008','32.01.25-005'),(358,'28','nan','32.01.05-008','32.01.25-006'),(359,'27','nan','32.01.05-008','32.01.25-007'),(360,'63','nan','32.01.05-008','32.01.25-008'),(361,'50','nan','32.01.05-008','32.01.25-009'),(362,'30','nan','32.01.05-008','32.01.25-010'),(363,'13','nan','32.01.05-008','32.01.03-001'),(364,'20','nan','32.01.05-008','32.01.01-001'),(365,'21','nan','32.01.05-008','32.01.01-002'),(366,'15','nan','32.01.05-008','32.01.01-003'),(367,'19','nan','32.01.05-008','32.01.01-004'),(368,'22','nan','32.01.05-008','32.01.01-005'),(369,'22','nan','32.01.05-008','32.01.01-006'),(370,'26','nan','32.01.05-008','32.01.01-007'),(371,'26','nan','32.01.05-008','32.01.01-008'),(372,'23','nan','32.01.05-008','32.01.01-009'),(373,'44','nan','32.01.05-008','32.01.07-001'),(374,'44','nan','32.01.05-008','32.01.07-002'),(375,'53','nan','32.01.05-008','32.01.07-003'),(376,'36','nan','32.01.05-008','32.01.07-004'),(377,'42','nan','32.01.05-008','32.01.07-005'),(378,'45','nan','32.01.05-008','32.01.07-006'),(379,'33','nan','32.01.05-008','32.01.07-007'),(380,'38','nan','32.01.05-008','32.01.07-008'),(381,'43','nan','32.01.05-008','32.01.07-009'),(382,'53','nan','32.01.05-008','32.01.07-010'),(383,'24','nan','32.01.05-008','32.01.26-001'),(384,'45','nan','32.01.05-008','32.01.26-002'),(385,'52','nan','32.01.05-008','32.01.26-003'),(386,'27','nan','32.01.05-008','32.01.26-004'),(387,'27','nan','32.01.05-008','32.01.26-005'),(388,'25','nan','32.01.05-008','32.01.26-006'),(389,'24','nan','32.01.05-008','32.01.26-007'),(390,'24','nan','32.01.05-008','32.01.26-008'),(391,'24','nan','32.01.05-008','32.01.26-009'),(392,'23','nan','32.01.05-008','32.01.26-010'),(393,'4','nan','32.01.05-009','32.01.05-001'),(394,'4','nan','32.01.05-009','32.01.05-002'),(395,'7','nan','32.01.05-009','32.01.05-003'),(396,'12','nan','32.01.05-009','32.01.05-004'),(397,'7','nan','32.01.05-009','32.01.05-005'),(398,'9','nan','32.01.05-009','32.01.05-006'),(399,'11','nan','32.01.05-009','32.01.05-007'),(400,'7','nan','32.01.05-009','32.01.05-008'),(401,'4','nan','32.01.05-009','32.01.05-010'),(402,'57','nan','32.01.05-009','32.01.25-001'),(403,'55','nan','32.01.05-009','32.01.25-002'),(404,'63','nan','32.01.05-009','32.01.25-003'),(405,'35','nan','32.01.05-009','32.01.25-004'),(406,'35','nan','32.01.05-009','32.01.25-005'),(407,'32','nan','32.01.05-009','32.01.25-006'),(408,'32','nan','32.01.05-009','32.01.25-007'),(409,'69','nan','32.01.05-009','32.01.25-008'),(410,'56','nan','32.01.05-009','32.01.25-009'),(411,'34','nan','32.01.05-009','32.01.25-010'),(412,'16','nan','32.01.05-009','32.01.03-001'),(413,'23','nan','32.01.05-009','32.01.01-001'),(414,'25','nan','32.01.05-009','32.01.01-002'),(415,'18','nan','32.01.05-009','32.01.01-003'),(416,'22','nan','32.01.05-009','32.01.01-004'),(417,'25','nan','32.01.05-009','32.01.01-005'),(418,'26','nan','32.01.05-009','32.01.01-006'),(419,'29','nan','32.01.05-009','32.01.01-007'),(420,'30','nan','32.01.05-009','32.01.01-008'),(421,'26','nan','32.01.05-009','32.01.01-009'),(422,'47','nan','32.01.05-009','32.01.07-001'),(423,'48','nan','32.01.05-009','32.01.07-002'),(424,'57','nan','32.01.05-009','32.01.07-003'),(425,'40','nan','32.01.05-009','32.01.07-004'),(426,'45','nan','32.01.05-009','32.01.07-005'),(427,'49','nan','32.01.05-009','32.01.07-006'),(428,'36','nan','32.01.05-009','32.01.07-007'),(429,'42','nan','32.01.05-009','32.01.07-008'),(430,'46','nan','32.01.05-009','32.01.07-009'),(431,'58','nan','32.01.05-009','32.01.07-010'),(432,'28','nan','32.01.05-009','32.01.26-001'),(433,'50','nan','32.01.05-009','32.01.26-002'),(434,'57','nan','32.01.05-009','32.01.26-003'),(435,'30','nan','32.01.05-009','32.01.26-004'),(436,'30','nan','32.01.05-009','32.01.26-005'),(437,'29','nan','32.01.05-009','32.01.26-006'),(438,'28','nan','32.01.05-009','32.01.26-007'),(439,'28','nan','32.01.05-009','32.01.26-008'),(440,'28','nan','32.01.05-009','32.01.26-009'),(441,'27','nan','32.01.05-009','32.01.26-010'),(442,'6','nan','32.01.05-010','32.01.05-001'),(443,'3','nan','32.01.05-010','32.01.05-002'),(444,'5','nan','32.01.05-010','32.01.05-003'),(445,'15','nan','32.01.05-010','32.01.05-004'),(446,'9','nan','32.01.05-010','32.01.05-005'),(447,'10','nan','32.01.05-010','32.01.05-006'),(448,'13','nan','32.01.05-010','32.01.05-007'),(449,'6','nan','32.01.05-010','32.01.05-008'),(450,'3','nan','32.01.05-010','32.01.05-009'),(451,'56','nan','32.01.05-010','32.01.25-001'),(452,'54','nan','32.01.05-010','32.01.25-002'),(453,'66','nan','32.01.05-010','32.01.25-003'),(454,'34','nan','32.01.05-010','32.01.25-004'),(455,'34','nan','32.01.05-010','32.01.25-005'),(456,'32','nan','32.01.05-010','32.01.25-006'),(457,'31','nan','32.01.05-010','32.01.25-007'),(458,'71','nan','32.01.05-010','32.01.25-008'),(459,'57','nan','32.01.05-010','32.01.25-009'),(460,'33','nan','32.01.05-010','32.01.25-010'),(461,'15','nan','32.01.05-010','32.01.03-001'),(462,'21','nan','32.01.05-010','32.01.01-001'),(463,'24','nan','32.01.05-010','32.01.01-002'),(464,'17','nan','32.01.05-010','32.01.01-003'),(465,'21','nan','32.01.05-010','32.01.01-004'),(466,'24','nan','32.01.05-010','32.01.01-005'),(467,'24','nan','32.01.05-010','32.01.01-006'),(468,'28','nan','32.01.05-010','32.01.01-007'),(469,'28','nan','32.01.05-010','32.01.01-008'),(470,'25','nan','32.01.05-010','32.01.01-009'),(471,'46','nan','32.01.05-010','32.01.07-001'),(472,'47','nan','32.01.05-010','32.01.07-002'),(473,'56','nan','32.01.05-010','32.01.07-003'),(474,'39','nan','32.01.05-010','32.01.07-004'),(475,'45','nan','32.01.05-010','32.01.07-005'),(476,'48','nan','32.01.05-010','32.01.07-006'),(477,'36','nan','32.01.05-010','32.01.07-007'),(478,'41','nan','32.01.05-010','32.01.07-008'),(479,'45','nan','32.01.05-010','32.01.07-009'),(480,'56','nan','32.01.05-010','32.01.07-010'),(481,'27','nan','32.01.05-010','32.01.26-001'),(482,'49','nan','32.01.05-010','32.01.26-002'),(483,'55','nan','32.01.05-010','32.01.26-003'),(484,'29','nan','32.01.05-010','32.01.26-004'),(485,'29','nan','32.01.05-010','32.01.26-005'),(486,'27','nan','32.01.05-010','32.01.26-006'),(487,'27','nan','32.01.05-010','32.01.26-007'),(488,'27','nan','32.01.05-010','32.01.26-008'),(489,'27','nan','32.01.05-010','32.01.26-009'),(490,'26','nan','32.01.05-010','32.01.26-010'),(491,'42','nan','32.01.25-001','32.01.05-001'),(492,'46','nan','32.01.25-001','32.01.05-002'),(493,'41','nan','32.01.25-001','32.01.05-003'),(494,'54','nan','32.01.25-001','32.01.05-004'),(495,'49','nan','32.01.25-001','32.01.05-005'),(496,'50','nan','32.01.25-001','32.01.05-006'),(497,'52','nan','32.01.25-001','32.01.05-007'),(498,'42','nan','32.01.25-001','32.01.05-008'),(499,'43','nan','32.01.25-001','32.01.05-009'),(500,'45','nan','32.01.25-001','32.01.05-010'),(501,'7','nan','32.01.25-001','32.01.25-002'),(502,'20','nan','32.01.25-001','32.01.25-003'),(503,'14','nan','32.01.25-001','32.01.25-004'),(504,'13','nan','32.01.25-001','32.01.25-005'),(505,'16','nan','32.01.25-001','32.01.25-006'),(506,'17','nan','32.01.25-001','32.01.25-007'),(507,'26','nan','32.01.25-001','32.01.25-008'),(508,'4','nan','32.01.25-001','32.01.25-009'),(509,'14','nan','32.01.25-001','32.01.25-010'),(510,'47','nan','32.01.25-001','32.01.03-001'),(511,'54','nan','32.01.25-001','32.01.01-001'),(512,'47','nan','32.01.25-001','32.01.01-002'),(513,'49','nan','32.01.25-001','32.01.01-003'),(514,'53','nan','32.01.25-001','32.01.01-004'),(515,'55','nan','32.01.25-001','32.01.01-005'),(516,'55','nan','32.01.25-001','32.01.01-006'),(517,'59','nan','32.01.25-001','32.01.01-007'),(518,'59','nan','32.01.25-001','32.01.01-008'),(519,'65','nan','32.01.25-001','32.01.01-009'),(520,'80','nan','32.01.25-001','32.01.07-001'),(521,'76','nan','32.01.25-001','32.01.07-002'),(522,'89','nan','32.01.25-001','32.01.07-003'),(523,'69','nan','32.01.25-001','32.01.07-004'),(524,'79','nan','32.01.25-001','32.01.07-005'),(525,'76','nan','32.01.25-001','32.01.07-006'),(526,'66','nan','32.01.25-001','32.01.07-007'),(527,'72','nan','32.01.25-001','32.01.07-008'),(528,'79','nan','32.01.25-001','32.01.07-009'),(529,'86','nan','32.01.25-001','32.01.07-010'),(530,'19','nan','32.01.25-001','32.01.26-001'),(531,'36','nan','32.01.25-001','32.01.26-002'),(532,'37','nan','32.01.25-001','32.01.26-003'),(533,'17','nan','32.01.25-001','32.01.26-004'),(534,'21','nan','32.01.25-001','32.01.26-005'),(535,'18','nan','32.01.25-001','32.01.26-006'),(536,'18','nan','32.01.25-001','32.01.26-007'),(537,'18','nan','32.01.25-001','32.01.26-008'),(538,'18','nan','32.01.25-001','32.01.26-009'),(539,'19','nan','32.01.25-001','32.01.26-010'),(540,'42','nan','32.01.25-002','32.01.05-001'),(541,'46','nan','32.01.25-002','32.01.05-002'),(542,'42','nan','32.01.25-002','32.01.05-003'),(543,'55','nan','32.01.25-002','32.01.05-004'),(544,'48','nan','32.01.25-002','32.01.05-005'),(545,'50','nan','32.01.25-002','32.01.05-006'),(546,'52','nan','32.01.25-002','32.01.05-007'),(547,'41','nan','32.01.25-002','32.01.05-008'),(548,'43','nan','32.01.25-002','32.01.05-009'),(549,'45','nan','32.01.25-002','32.01.05-010'),(550,'7','nan','32.01.25-002','32.01.25-001'),(551,'24','nan','32.01.25-002','32.01.25-003'),(552,'13','nan','32.01.25-002','32.01.25-004'),(553,'13','nan','32.01.25-002','32.01.25-005'),(554,'16','nan','32.01.25-002','32.01.25-006'),(555,'16','nan','32.01.25-002','32.01.25-007'),(556,'27','nan','32.01.25-002','32.01.25-008'),(557,'7','nan','32.01.25-002','32.01.25-009'),(558,'14','nan','32.01.25-002','32.01.25-010'),(559,'45','nan','32.01.25-002','32.01.03-001'),(560,'53','nan','32.01.25-002','32.01.01-001'),(561,'54','nan','32.01.25-002','32.01.01-002'),(562,'48','nan','32.01.25-002','32.01.01-003'),(563,'52','nan','32.01.25-002','32.01.01-004'),(564,'55','nan','32.01.25-002','32.01.01-005'),(565,'55','nan','32.01.25-002','32.01.01-006'),(566,'59','nan','32.01.25-002','32.01.01-007'),(567,'60','nan','32.01.25-002','32.01.01-008'),(568,'55','nan','32.01.25-002','32.01.01-009'),(569,'79','nan','32.01.25-002','32.01.07-001'),(570,'76','nan','32.01.25-002','32.01.07-002'),(571,'84','nan','32.01.25-002','32.01.07-003'),(572,'69','nan','32.01.25-002','32.01.07-004'),(573,'75','nan','32.01.25-002','32.01.07-005'),(574,'76','nan','32.01.25-002','32.01.07-006'),(575,'65','nan','32.01.25-002','32.01.07-007'),(576,'70','nan','32.01.25-002','32.01.07-008'),(577,'75','nan','32.01.25-002','32.01.07-009'),(578,'87','nan','32.01.25-002','32.01.07-010'),(579,'18','nan','32.01.25-002','32.01.26-001'),(580,'35','nan','32.01.25-002','32.01.26-002'),(581,'35','nan','32.01.25-002','32.01.26-003'),(582,'17','nan','32.01.25-002','32.01.26-004'),(583,'20','nan','32.01.25-002','32.01.26-005'),(584,'19','nan','32.01.25-002','32.01.26-006'),(585,'19','nan','32.01.25-002','32.01.26-007'),(586,'18','nan','32.01.25-002','32.01.26-008'),(587,'18','nan','32.01.25-002','32.01.26-009'),(588,'19','nan','32.01.25-002','32.01.26-010'),(589,'52','nan','32.01.25-003','32.01.05-001'),(590,'56','nan','32.01.25-003','32.01.05-002'),(591,'49','nan','32.01.25-003','32.01.05-003'),(592,'63','nan','32.01.25-003','32.01.05-004'),(593,'58','nan','32.01.25-003','32.01.05-005'),(594,'60','nan','32.01.25-003','32.01.05-006'),(595,'63','nan','32.01.25-003','32.01.05-007'),(596,'52','nan','32.01.25-003','32.01.05-008'),(597,'53','nan','32.01.25-003','32.01.05-009'),(598,'55','nan','32.01.25-003','32.01.05-010'),(599,'19','nan','32.01.25-003','32.01.25-001'),(600,'22','nan','32.01.25-003','32.01.25-002'),(601,'24','nan','32.01.25-003','32.01.25-004'),(602,'23','nan','32.01.25-003','32.01.25-005'),(603,'27','nan','32.01.25-003','32.01.25-006'),(604,'27','nan','32.01.25-003','32.01.25-007'),(605,'17','nan','32.01.25-003','32.01.25-008'),(606,'21','nan','32.01.25-003','32.01.25-009'),(607,'24','nan','32.01.25-003','32.01.25-010'),(608,'55','nan','32.01.25-003','32.01.03-001'),(609,'62','nan','32.01.25-003','32.01.01-001'),(610,'63','nan','32.01.25-003','32.01.01-002'),(611,'57','nan','32.01.25-003','32.01.01-003'),(612,'60','nan','32.01.25-003','32.01.01-004'),(613,'62','nan','32.01.25-003','32.01.01-005'),(614,'62','nan','32.01.25-003','32.01.01-006'),(615,'66','nan','32.01.25-003','32.01.01-007'),(616,'69','nan','32.01.25-003','32.01.01-008'),(617,'65','nan','32.01.25-003','32.01.01-009'),(618,'87','nan','32.01.25-003','32.01.07-001'),(619,'86','nan','32.01.25-003','32.01.07-002'),(620,'91','nan','32.01.25-003','32.01.07-003'),(621,'79','nan','32.01.25-003','32.01.07-004'),(622,'81','nan','32.01.25-003','32.01.07-005'),(623,'84','nan','32.01.25-003','32.01.07-006'),(624,'75','nan','32.01.25-003','32.01.07-007'),(625,'78','nan','32.01.25-003','32.01.07-008'),(626,'83','nan','32.01.25-003','32.01.07-009'),(627,'95','nan','32.01.25-003','32.01.07-010'),(628,'29','nan','32.01.25-003','32.01.26-001'),(629,'44','nan','32.01.25-003','32.01.26-002'),(630,'47','nan','32.01.25-003','32.01.26-003'),(631,'27','nan','32.01.25-003','32.01.26-004'),(632,'30','nan','32.01.25-003','32.01.26-005'),(633,'27','nan','32.01.25-003','32.01.26-006'),(634,'28','nan','32.01.25-003','32.01.26-007'),(635,'29','nan','32.01.25-003','32.01.26-008'),(636,'27','nan','32.01.25-003','32.01.26-009'),(637,'28','nan','32.01.25-003','32.01.26-010'),(638,'27','nan','32.01.25-004','32.01.05-001'),(639,'30','nan','32.01.25-004','32.01.05-002'),(640,'27','nan','32.01.25-004','32.01.05-003'),(641,'38','nan','32.01.25-004','32.01.05-004'),(642,'33','nan','32.01.25-004','32.01.05-005'),(643,'35','nan','32.01.25-004','32.01.05-006'),(644,'38','nan','32.01.25-004','32.01.05-007'),(645,'27','nan','32.01.25-004','32.01.05-008'),(646,'27','nan','32.01.25-004','32.01.05-009'),(647,'29','nan','32.01.25-004','32.01.05-010'),(648,'13','nan','32.01.25-004','32.01.25-001'),(649,'13','nan','32.01.25-004','32.01.25-002'),(650,'24','nan','32.01.25-004','32.01.25-003'),(651,'1','nan','32.01.25-004','32.01.25-005'),(652,'3','nan','32.01.25-004','32.01.25-006'),(653,'3','nan','32.01.25-004','32.01.25-007'),(654,'27','nan','32.01.25-004','32.01.25-008'),(655,'14','nan','32.01.25-004','32.01.25-009'),(656,'1','nan','32.01.25-004','32.01.25-010'),(657,'31','nan','32.01.25-004','32.01.03-001'),(658,'37','nan','32.01.25-004','32.01.01-001'),(659,'40','nan','32.01.25-004','32.01.01-002'),(660,'32','nan','32.01.25-004','32.01.01-003'),(661,'37','nan','32.01.25-004','32.01.01-004'),(662,'38','nan','32.01.25-004','32.01.01-005'),(663,'39','nan','32.01.25-004','32.01.01-006'),(664,'43','nan','32.01.25-004','32.01.01-007'),(665,'44','nan','32.01.25-004','32.01.01-008'),(666,'40','nan','32.01.25-004','32.01.01-009'),(667,'61','nan','32.01.25-004','32.01.07-001'),(668,'62','nan','32.01.25-004','32.01.07-002'),(669,'71','nan','32.01.25-004','32.01.07-003'),(670,'54','nan','32.01.25-004','32.01.07-004'),(671,'61','nan','32.01.25-004','32.01.07-005'),(672,'62','nan','32.01.25-004','32.01.07-006'),(673,'52','nan','32.01.25-004','32.01.07-007'),(674,'57','nan','32.01.25-004','32.01.07-008'),(675,'61','nan','32.01.25-004','32.01.07-009'),(676,'71','nan','32.01.25-004','32.01.07-010'),(677,'5','nan','32.01.25-004','32.01.26-001'),(678,'22','nan','32.01.25-004','32.01.26-002'),(679,'27','nan','32.01.25-004','32.01.26-003'),(680,'4','nan','32.01.25-004','32.01.26-004'),(681,'7','nan','32.01.25-004','32.01.26-005'),(682,'5','nan','32.01.25-004','32.01.26-006'),(683,'5','nan','32.01.25-004','32.01.26-007'),(684,'5','nan','32.01.25-004','32.01.26-008'),(685,'5','nan','32.01.25-004','32.01.26-009'),(686,'5','nan','32.01.25-004','32.01.26-010'),(687,'28','nan','32.01.25-005','32.01.05-001'),(688,'32','nan','32.01.25-005','32.01.05-002'),(689,'27','nan','32.01.25-005','32.01.05-003'),(690,'40','nan','32.01.25-005','32.01.05-004'),(691,'35','nan','32.01.25-005','32.01.05-005'),(692,'36','nan','32.01.25-005','32.01.05-006'),(693,'38','nan','32.01.25-005','32.01.05-007'),(694,'28','nan','32.01.25-005','32.01.05-008'),(695,'29','nan','32.01.25-005','32.01.05-009'),(696,'31','nan','32.01.25-005','32.01.05-010'),(697,'12','nan','32.01.25-005','32.01.25-001'),(698,'12','nan','32.01.25-005','32.01.25-002'),(699,'22','nan','32.01.25-005','32.01.25-003'),(700,'1','nan','32.01.25-005','32.01.25-004'),(701,'4','nan','32.01.25-005','32.01.25-006'),(702,'4','nan','32.01.25-005','32.01.25-007'),(703,'25','nan','32.01.25-005','32.01.25-008'),(704,'13','nan','32.01.25-005','32.01.25-009'),(705,'1','nan','32.01.25-005','32.01.25-010'),(706,'32','nan','32.01.25-005','32.01.03-001'),(707,'39','nan','32.01.25-005','32.01.01-001'),(708,'40','nan','32.01.25-005','32.01.01-002'),(709,'34','nan','32.01.25-005','32.01.01-003'),(710,'37','nan','32.01.25-005','32.01.01-004'),(711,'39','nan','32.01.25-005','32.01.01-005'),(712,'40','nan','32.01.25-005','32.01.01-006'),(713,'43','nan','32.01.25-005','32.01.01-007'),(714,'44','nan','32.01.25-005','32.01.01-008'),(715,'41','nan','32.01.25-005','32.01.01-009'),(716,'62','nan','32.01.25-005','32.01.07-001'),(717,'63','nan','32.01.25-005','32.01.07-002'),(718,'70','nan','32.01.25-005','32.01.07-003'),(719,'55','nan','32.01.25-005','32.01.07-004'),(720,'60','nan','32.01.25-005','32.01.07-005'),(721,'63','nan','32.01.25-005','32.01.07-006'),(722,'52','nan','32.01.25-005','32.01.07-007'),(723,'58','nan','32.01.25-005','32.01.07-008'),(724,'62','nan','32.01.25-005','32.01.07-009'),(725,'71','nan','32.01.25-005','32.01.07-010'),(726,'5','nan','32.01.25-005','32.01.26-001'),(727,'23','nan','32.01.25-005','32.01.26-002'),(728,'26','nan','32.01.25-005','32.01.26-003'),(729,'5','nan','32.01.25-005','32.01.26-004'),(730,'8','nan','32.01.25-005','32.01.26-005'),(731,'5','nan','32.01.25-005','32.01.26-006'),(732,'5','nan','32.01.25-005','32.01.26-007'),(733,'5','nan','32.01.25-005','32.01.26-008'),(734,'5','nan','32.01.25-005','32.01.26-009'),(735,'6','nan','32.01.25-005','32.01.26-010'),(736,'24','nan','32.01.25-006','32.01.05-001'),(737,'28','nan','32.01.25-006','32.01.05-002'),(738,'24','nan','32.01.25-006','32.01.05-003'),(739,'35','nan','32.01.25-006','32.01.05-004'),(740,'31','nan','32.01.25-006','32.01.05-005'),(741,'32','nan','32.01.25-006','32.01.05-006'),(742,'34','nan','32.01.25-006','32.01.05-007'),(743,'25','nan','32.01.25-006','32.01.05-008'),(744,'25','nan','32.01.25-006','32.01.05-009'),(745,'28','nan','32.01.25-006','32.01.05-010'),(746,'17','nan','32.01.25-006','32.01.25-001'),(747,'16','nan','32.01.25-006','32.01.25-002'),(748,'25','nan','32.01.25-006','32.01.25-003'),(749,'3','nan','32.01.25-006','32.01.25-004'),(750,'4','nan','32.01.25-006','32.01.25-005'),(751,'1','nan','32.01.25-006','32.01.25-007'),(752,'28','nan','32.01.25-006','32.01.25-008'),(753,'16','nan','32.01.25-006','32.01.25-009'),(754,'3','nan','32.01.25-006','32.01.25-010'),(755,'28','nan','32.01.25-006','32.01.03-001'),(756,'34','nan','32.01.25-006','32.01.01-001'),(757,'37','nan','32.01.25-006','32.01.01-002'),(758,'30','nan','32.01.25-006','32.01.01-003'),(759,'33','nan','32.01.25-006','32.01.01-004'),(760,'36','nan','32.01.25-006','32.01.01-005'),(761,'36','nan','32.01.25-006','32.01.01-006'),(762,'39','nan','32.01.25-006','32.01.01-007'),(763,'40','nan','32.01.25-006','32.01.01-008'),(764,'37','nan','32.01.25-006','32.01.01-009'),(765,'57','nan','32.01.25-006','32.01.07-001'),(766,'58','nan','32.01.25-006','32.01.07-002'),(767,'66','nan','32.01.25-006','32.01.07-003'),(768,'52','nan','32.01.25-006','32.01.07-004'),(769,'57','nan','32.01.25-006','32.01.07-005'),(770,'58','nan','32.01.25-006','32.01.07-006'),(771,'48','nan','32.01.25-006','32.01.07-007'),(772,'54','nan','32.01.25-006','32.01.07-008'),(773,'57','nan','32.01.25-006','32.01.07-009'),(774,'66','nan','32.01.25-006','32.01.07-010'),(775,'3','nan','32.01.25-006','32.01.26-001'),(776,'20','nan','32.01.25-006','32.01.26-002'),(777,'25','nan','32.01.25-006','32.01.26-003'),(778,'2','nan','32.01.25-006','32.01.26-004'),(779,'5','nan','32.01.25-006','32.01.26-005'),(780,'2','nan','32.01.25-006','32.01.26-006'),(781,'3','nan','32.01.25-006','32.01.26-007'),(782,'3','nan','32.01.25-006','32.01.26-008'),(783,'3','nan','32.01.25-006','32.01.26-009'),(784,'3','nan','32.01.25-006','32.01.26-010'),(785,'23','nan','32.01.25-007','32.01.05-001'),(786,'27','nan','32.01.25-007','32.01.05-002'),(787,'23','nan','32.01.25-007','32.01.05-003'),(788,'35','nan','32.01.25-007','32.01.05-004'),(789,'29','nan','32.01.25-007','32.01.05-005'),(790,'31','nan','32.01.25-007','32.01.05-006'),(791,'33','nan','32.01.25-007','32.01.05-007'),(792,'23','nan','32.01.25-007','32.01.05-008'),(793,'24','nan','32.01.25-007','32.01.05-009'),(794,'26','nan','32.01.25-007','32.01.05-010'),(795,'15','nan','32.01.25-007','32.01.25-001'),(796,'14','nan','32.01.25-007','32.01.25-002'),(797,'26','nan','32.01.25-007','32.01.25-003'),(798,'4','nan','32.01.25-007','32.01.25-004'),(799,'4','nan','32.01.25-007','32.01.25-005'),(800,'1','nan','32.01.25-007','32.01.25-006'),(801,'27','nan','32.01.25-007','32.01.25-008'),(802,'15','nan','32.01.25-007','32.01.25-009'),(803,'3','nan','32.01.25-007','32.01.25-010'),(804,'27','nan','32.01.25-007','32.01.03-001'),(805,'33','nan','32.01.25-007','32.01.01-001'),(806,'35','nan','32.01.25-007','32.01.01-002'),(807,'29','nan','32.01.25-007','32.01.01-003'),(808,'32','nan','32.01.25-007','32.01.01-004'),(809,'35','nan','32.01.25-007','32.01.01-005'),(810,'34','nan','32.01.25-007','32.01.01-006'),(811,'38','nan','32.01.25-007','32.01.01-007'),(812,'39','nan','32.01.25-007','32.01.01-008'),(813,'36','nan','32.01.25-007','32.01.01-009'),(814,'57','nan','32.01.25-007','32.01.07-001'),(815,'56','nan','32.01.25-007','32.01.07-002'),(816,'63','nan','32.01.25-007','32.01.07-003'),(817,'49','nan','32.01.25-007','32.01.07-004'),(818,'55','nan','32.01.25-007','32.01.07-005'),(819,'56','nan','32.01.25-007','32.01.07-006'),(820,'45','nan','32.01.25-007','32.01.07-007'),(821,'51','nan','32.01.25-007','32.01.07-008'),(822,'54','nan','32.01.25-007','32.01.07-009'),(823,'64','nan','32.01.25-007','32.01.07-010'),(824,'3','nan','32.01.25-007','32.01.26-001'),(825,'21','nan','32.01.25-007','32.01.26-002'),(826,'25','nan','32.01.25-007','32.01.26-003'),(827,'2','nan','32.01.25-007','32.01.26-004'),(828,'5','nan','32.01.25-007','32.01.26-005'),(829,'2','nan','32.01.25-007','32.01.26-006'),(830,'3','nan','32.01.25-007','32.01.26-007'),(831,'3','nan','32.01.25-007','32.01.26-008'),(832,'3','nan','32.01.25-007','32.01.26-009'),(833,'3','nan','32.01.25-007','32.01.26-010'),(834,'56','nan','32.01.25-008','32.01.05-001'),(835,'59','nan','32.01.25-008','32.01.05-002'),(836,'55','nan','32.01.25-008','32.01.05-003'),(837,'66','nan','32.01.25-008','32.01.05-004'),(838,'61','nan','32.01.25-008','32.01.05-005'),(839,'63','nan','32.01.25-008','32.01.05-006'),(840,'65','nan','32.01.25-008','32.01.05-007'),(841,'55','nan','32.01.25-008','32.01.05-008'),(842,'56','nan','32.01.25-008','32.01.05-009'),(843,'57','nan','32.01.25-008','32.01.05-010'),(844,'27','nan','32.01.25-008','32.01.25-001'),(845,'25','nan','32.01.25-008','32.01.25-002'),(846,'17','nan','32.01.25-008','32.01.25-003'),(847,'29','nan','32.01.25-008','32.01.25-004'),(848,'28','nan','32.01.25-008','32.01.25-005'),(849,'31','nan','32.01.25-008','32.01.25-006'),(850,'31','nan','32.01.25-008','32.01.25-007'),(851,'27','nan','32.01.25-008','32.01.25-009'),(852,'29','nan','32.01.25-008','32.01.25-010'),(853,'59','nan','32.01.25-008','32.01.03-001'),(854,'66','nan','32.01.25-008','32.01.01-001'),(855,'69','nan','32.01.25-008','32.01.01-002'),(856,'62','nan','32.01.25-008','32.01.01-003'),(857,'66','nan','32.01.25-008','32.01.01-004'),(858,'68','nan','32.01.25-008','32.01.01-005'),(859,'69','nan','32.01.25-008','32.01.01-006'),(860,'72','nan','32.01.25-008','32.01.01-007'),(861,'74','nan','32.01.25-008','32.01.01-008'),(862,'70','nan','32.01.25-008','32.01.01-009'),(863,'91','nan','32.01.25-008','32.01.07-001'),(864,'90','nan','32.01.25-008','32.01.07-002'),(865,'102','nan','32.01.25-008','32.01.07-003'),(866,'83','nan','32.01.25-008','32.01.07-004'),(867,'87','nan','32.01.25-008','32.01.07-005'),(868,'91','nan','32.01.25-008','32.01.07-006'),(869,'81','nan','32.01.25-008','32.01.07-007'),(870,'84','nan','32.01.25-008','32.01.07-008'),(871,'90','nan','32.01.25-008','32.01.07-009'),(872,'103','nan','32.01.25-008','32.01.07-010'),(873,'34','nan','32.01.25-008','32.01.26-001'),(874,'51','nan','32.01.25-008','32.01.26-002'),(875,'52','nan','32.01.25-008','32.01.26-003'),(876,'34','nan','32.01.25-008','32.01.26-004'),(877,'36','nan','32.01.25-008','32.01.26-005'),(878,'34','nan','32.01.25-008','32.01.26-006'),(879,'34','nan','32.01.25-008','32.01.26-007'),(880,'34','nan','32.01.25-008','32.01.26-008'),(881,'34','nan','32.01.25-008','32.01.26-009'),(882,'35','nan','32.01.25-008','32.01.26-010'),(883,'42','nan','32.01.25-009','32.01.05-001'),(884,'46','nan','32.01.25-009','32.01.05-002'),(885,'42','nan','32.01.25-009','32.01.05-003'),(886,'54','nan','32.01.25-009','32.01.05-004'),(887,'49','nan','32.01.25-009','32.01.05-005'),(888,'49','nan','32.01.25-009','32.01.05-006'),(889,'51','nan','32.01.25-009','32.01.05-007'),(890,'41','nan','32.01.25-009','32.01.05-008'),(891,'43','nan','32.01.25-009','32.01.05-009'),(892,'45','nan','32.01.25-009','32.01.05-010'),(893,'4','nan','32.01.25-009','32.01.25-001'),(894,'7','nan','32.01.25-009','32.01.25-002'),(895,'22','nan','32.01.25-009','32.01.25-003'),(896,'15','nan','32.01.25-009','32.01.25-004'),(897,'14','nan','32.01.25-009','32.01.25-005'),(898,'18','nan','32.01.25-009','32.01.25-006'),(899,'18','nan','32.01.25-009','32.01.25-007'),(900,'29','nan','32.01.25-009','32.01.25-008'),(901,'15','nan','32.01.25-009','32.01.25-010'),(902,'46','nan','32.01.25-009','32.01.03-001'),(903,'54','nan','32.01.25-009','32.01.01-001'),(904,'56','nan','32.01.25-009','32.01.01-002'),(905,'49','nan','32.01.25-009','32.01.01-003'),(906,'53','nan','32.01.25-009','32.01.01-004'),(907,'55','nan','32.01.25-009','32.01.01-005'),(908,'56','nan','32.01.25-009','32.01.01-006'),(909,'60','nan','32.01.25-009','32.01.01-007'),(910,'61','nan','32.01.25-009','32.01.01-008'),(911,'57','nan','32.01.25-009','32.01.01-009'),(912,'78','nan','32.01.25-009','32.01.07-001'),(913,'78','nan','32.01.25-009','32.01.07-002'),(914,'85','nan','32.01.25-009','32.01.07-003'),(915,'71','nan','32.01.25-009','32.01.07-004'),(916,'76','nan','32.01.25-009','32.01.07-005'),(917,'78','nan','32.01.25-009','32.01.07-006'),(918,'69','nan','32.01.25-009','32.01.07-007'),(919,'73','nan','32.01.25-009','32.01.07-008'),(920,'78','nan','32.01.25-009','32.01.07-009'),(921,'87','nan','32.01.25-009','32.01.07-010'),(922,'21','nan','32.01.25-009','32.01.26-001'),(923,'39','nan','32.01.25-009','32.01.26-002'),(924,'41','nan','32.01.25-009','32.01.26-003'),(925,'21','nan','32.01.25-009','32.01.26-004'),(926,'24','nan','32.01.25-009','32.01.26-005'),(927,'21','nan','32.01.25-009','32.01.26-006'),(928,'21','nan','32.01.25-009','32.01.26-007'),(929,'21','nan','32.01.25-009','32.01.26-008'),(930,'21','nan','32.01.25-009','32.01.26-009'),(931,'22','nan','32.01.25-009','32.01.26-010'),(932,'26','nan','32.01.25-010','32.01.05-001'),(933,'30','nan','32.01.25-010','32.01.05-002'),(934,'26','nan','32.01.25-010','32.01.05-003'),(935,'38','nan','32.01.25-010','32.01.05-004'),(936,'33','nan','32.01.25-010','32.01.05-005'),(937,'34','nan','32.01.25-010','32.01.05-006'),(938,'36','nan','32.01.25-010','32.01.05-007'),(939,'27','nan','32.01.25-010','32.01.05-008'),(940,'27','nan','32.01.25-010','32.01.05-009'),(941,'29','nan','32.01.25-010','32.01.05-010'),(942,'16','nan','32.01.25-010','32.01.25-001'),(943,'15','nan','32.01.25-010','32.01.25-002'),(944,'29','nan','32.01.25-010','32.01.25-003'),(945,'1','nan','32.01.25-010','32.01.25-004'),(946,'1','nan','32.01.25-010','32.01.25-005'),(947,'3','nan','32.01.25-010','32.01.25-006'),(948,'3','nan','32.01.25-010','32.01.25-007'),(949,'34','nan','32.01.25-010','32.01.25-008'),(950,'16','nan','32.01.25-010','32.01.25-009'),(951,'32','nan','32.01.25-010','32.01.03-001'),(952,'42','nan','32.01.25-010','32.01.01-001'),(953,'43','nan','32.01.25-010','32.01.01-002'),(954,'36','nan','32.01.25-010','32.01.01-003'),(955,'54','nan','32.01.25-010','32.01.01-004'),(956,'60','nan','32.01.25-010','32.01.01-005'),(957,'64','nan','32.01.25-010','32.01.01-006'),(958,'64','nan','32.01.25-010','32.01.01-007'),(959,'63','nan','32.01.25-010','32.01.01-008'),(960,'60','nan','32.01.25-010','32.01.01-009'),(961,'127','nan','32.01.25-010','32.01.07-001'),(962,'127','nan','32.01.25-010','32.01.07-002'),(963,'138','nan','32.01.25-010','32.01.07-003'),(964,'118','nan','32.01.25-010','32.01.07-004'),(965,'130','nan','32.01.25-010','32.01.07-005'),(966,'134','nan','32.01.25-010','32.01.07-006'),(967,'112','nan','32.01.25-010','32.01.07-007'),(968,'120','nan','32.01.25-010','32.01.07-008'),(969,'120','nan','32.01.25-010','32.01.07-009'),(970,'136','nan','32.01.25-010','32.01.07-010'),(971,'6','nan','32.01.25-010','32.01.26-001'),(972,'23','nan','32.01.25-010','32.01.26-002'),(973,'31','nan','32.01.25-010','32.01.26-003'),(974,'3','nan','32.01.25-010','32.01.26-004'),(975,'8','nan','32.01.25-010','32.01.26-005'),(976,'6','nan','32.01.25-010','32.01.26-006'),(977,'6','nan','32.01.25-010','32.01.26-007'),(978,'6','nan','32.01.25-010','32.01.26-008'),(979,'6','nan','32.01.25-010','32.01.26-009'),(980,'7','nan','32.01.25-010','32.01.26-010'),(981,'13','nan','32.01.03-001','32.01.05-001'),(982,'19','nan','32.01.03-001','32.01.05-002'),(983,'12','nan','32.01.03-001','32.01.05-003'),(984,'25','nan','32.01.03-001','32.01.05-004'),(985,'19','nan','32.01.03-001','32.01.05-005'),(986,'21','nan','32.01.03-001','32.01.05-006'),(987,'23','nan','32.01.03-001','32.01.05-007'),(988,'13','nan','32.01.03-001','32.01.05-008'),(989,'13','nan','32.01.03-001','32.01.05-009'),(990,'16','nan','32.01.03-001','32.01.05-010'),(991,'68','nan','32.01.03-001','32.01.25-001'),(992,'78','nan','32.01.03-001','32.01.25-002'),(993,'97','nan','32.01.03-001','32.01.25-003'),(994,'39','nan','32.01.03-001','32.01.25-004'),(995,'42','nan','32.01.03-001','32.01.25-005'),(996,'38','nan','32.01.03-001','32.01.25-006'),(997,'37','nan','32.01.03-001','32.01.25-007'),(998,'82','nan','32.01.03-001','32.01.25-008'),(999,'62','nan','32.01.03-001','32.01.25-009'),(1000,'38','nan','32.01.03-001','32.01.25-010'),(1001,'8','nan','32.01.03-001','32.01.01-001'),(1002,'16','nan','32.01.03-001','32.01.01-002'),(1003,'4','nan','32.01.03-001','32.01.01-003'),(1004,'8','nan','32.01.03-001','32.01.01-004'),(1005,'13','nan','32.01.03-001','32.01.01-005'),(1006,'10','nan','32.01.03-001','32.01.01-006'),(1007,'23','nan','32.01.03-001','32.01.01-007'),(1008,'22','nan','32.01.03-001','32.01.01-008'),(1009,'21','nan','32.01.03-001','32.01.01-009'),(1010,'42','nan','32.01.03-001','32.01.07-001'),(1011,'36','nan','32.01.03-001','32.01.07-002'),(1012,'54','nan','32.01.03-001','32.01.07-003'),(1013,'28','nan','32.01.03-001','32.01.07-004'),(1014,'39','nan','32.01.03-001','32.01.07-005'),(1015,'37','nan','32.01.03-001','32.01.07-006'),(1016,'30','nan','32.01.03-001','32.01.07-007'),(1017,'31','nan','32.01.03-001','32.01.07-008'),(1018,'42','nan','32.01.03-001','32.01.07-009'),(1019,'53','nan','32.01.03-001','32.01.07-010'),(1020,'49','nan','32.01.03-001','32.01.26-001'),(1021,'70','nan','32.01.03-001','32.01.26-002'),(1022,'80','nan','32.01.03-001','32.01.26-003'),(1023,'46','nan','32.01.03-001','32.01.26-004'),(1024,'46','nan','32.01.03-001','32.01.26-005'),(1025,'43','nan','32.01.03-001','32.01.26-006'),(1026,'43','nan','32.01.03-001','32.01.26-007'),(1027,'43','nan','32.01.03-001','32.01.26-008'),(1028,'42','nan','32.01.03-001','32.01.26-009'),(1029,'43','nan','32.01.03-001','32.01.26-010'),(1030,'19','nan','32.01.01-001','32.01.05-001'),(1031,'24','nan','32.01.01-001','32.01.05-002'),(1032,'19','nan','32.01.01-001','32.01.05-003'),(1033,'32','nan','32.01.01-001','32.01.05-004'),(1034,'26','nan','32.01.01-001','32.01.05-005'),(1035,'28','nan','32.01.01-001','32.01.05-006'),(1036,'30','nan','32.01.01-001','32.01.05-007'),(1037,'20','nan','32.01.01-001','32.01.05-008'),(1038,'21','nan','32.01.01-001','32.01.05-009'),(1039,'23','nan','32.01.01-001','32.01.05-010'),(1040,'77','nan','32.01.01-001','32.01.25-001'),(1041,'76','nan','32.01.01-001','32.01.25-002'),(1042,'106','nan','32.01.01-001','32.01.25-003'),(1043,'52','nan','32.01.01-001','32.01.25-004'),(1044,'53','nan','32.01.01-001','32.01.25-005'),(1045,'51','nan','32.01.01-001','32.01.25-006'),(1046,'50','nan','32.01.01-001','32.01.25-007'),(1047,'108','nan','32.01.01-001','32.01.25-008'),(1048,'84','nan','32.01.01-001','32.01.25-009'),(1049,'49','nan','32.01.01-001','32.01.25-010'),(1050,'8','nan','32.01.01-001','32.01.03-001'),(1051,'12','nan','32.01.01-001','32.01.01-002'),(1052,'6','nan','32.01.01-001','32.01.01-003'),(1053,'9','nan','32.01.01-001','32.01.01-004'),(1054,'13','nan','32.01.01-001','32.01.01-005'),(1055,'11','nan','32.01.01-001','32.01.01-006'),(1056,'19','nan','32.01.01-001','32.01.01-007'),(1057,'17','nan','32.01.01-001','32.01.01-008'),(1058,'16','nan','32.01.01-001','32.01.01-009'),(1059,'49','nan','32.01.01-001','32.01.07-001'),(1060,'43','nan','32.01.01-001','32.01.07-002'),(1061,'56','nan','32.01.01-001','32.01.07-003'),(1062,'35','nan','32.01.01-001','32.01.07-004'),(1063,'45','nan','32.01.01-001','32.01.07-005'),(1064,'43','nan','32.01.01-001','32.01.07-006'),(1065,'35','nan','32.01.01-001','32.01.07-007'),(1066,'37','nan','32.01.01-001','32.01.07-008'),(1067,'47','nan','32.01.01-001','32.01.07-009'),(1068,'59','nan','32.01.01-001','32.01.07-010'),(1069,'43','nan','32.01.01-001','32.01.26-001'),(1070,'62','nan','32.01.01-001','32.01.26-002'),(1071,'69','nan','32.01.01-001','32.01.26-003'),(1072,'45','nan','32.01.01-001','32.01.26-004'),(1073,'46','nan','32.01.01-001','32.01.26-005'),(1074,'43','nan','32.01.01-001','32.01.26-006'),(1075,'44','nan','32.01.01-001','32.01.26-007'),(1076,'44','nan','32.01.01-001','32.01.26-008'),(1077,'43','nan','32.01.01-001','32.01.26-009'),(1078,'42','nan','32.01.01-001','32.01.26-010'),(1079,'21','nan','32.01.01-002','32.01.05-001'),(1080,'25','nan','32.01.01-002','32.01.05-002'),(1081,'21','nan','32.01.01-002','32.01.05-003'),(1082,'33','nan','32.01.01-002','32.01.05-004'),(1083,'28','nan','32.01.01-002','32.01.05-005'),(1084,'29','nan','32.01.01-002','32.01.05-006'),(1085,'32','nan','32.01.01-002','32.01.05-007'),(1086,'21','nan','32.01.01-002','32.01.05-008'),(1087,'22','nan','32.01.01-002','32.01.05-009'),(1088,'24','nan','32.01.01-002','32.01.05-010'),(1089,'78','nan','32.01.01-002','32.01.25-001'),(1090,'75','nan','32.01.01-002','32.01.25-002'),(1091,'91','nan','32.01.01-002','32.01.25-003'),(1092,'54','nan','32.01.01-002','32.01.25-004'),(1093,'54','nan','32.01.01-002','32.01.25-005'),(1094,'52','nan','32.01.01-002','32.01.25-006'),(1095,'52','nan','32.01.01-002','32.01.25-007'),(1096,'94','nan','32.01.01-002','32.01.25-008'),(1097,'82','nan','32.01.01-002','32.01.25-009'),(1098,'52','nan','32.01.01-002','32.01.25-010'),(1099,'16','nan','32.01.01-002','32.01.03-001'),(1100,'12','nan','32.01.01-002','32.01.01-001'),(1101,'15','nan','32.01.01-002','32.01.01-003'),(1102,'17','nan','32.01.01-002','32.01.01-004'),(1103,'18','nan','32.01.01-002','32.01.01-005'),(1104,'17','nan','32.01.01-002','32.01.01-006'),(1105,'20','nan','32.01.01-002','32.01.01-007'),(1106,'19','nan','32.01.01-002','32.01.01-008'),(1107,'18','nan','32.01.01-002','32.01.01-009'),(1108,'53','nan','32.01.01-002','32.01.07-001'),(1109,'49','nan','32.01.01-002','32.01.07-002'),(1110,'62','nan','32.01.01-002','32.01.07-003'),(1111,'40','nan','32.01.01-002','32.01.07-004'),(1112,'51','nan','32.01.01-002','32.01.07-005'),(1113,'49','nan','32.01.01-002','32.01.07-006'),(1114,'38','nan','32.01.01-002','32.01.07-007'),(1115,'43','nan','32.01.01-002','32.01.07-008'),(1116,'51','nan','32.01.01-002','32.01.07-009'),(1117,'65','nan','32.01.01-002','32.01.07-010'),(1118,'42','nan','32.01.01-002','32.01.26-001'),(1119,'64','nan','32.01.01-002','32.01.26-002'),(1120,'70','nan','32.01.01-002','32.01.26-003'),(1121,'45','nan','32.01.01-002','32.01.26-004'),(1122,'45','nan','32.01.01-002','32.01.26-005'),(1123,'43','nan','32.01.01-002','32.01.26-006'),(1124,'42','nan','32.01.01-002','32.01.26-007'),(1125,'45','nan','32.01.01-002','32.01.26-008'),(1126,'44','nan','32.01.01-002','32.01.26-009'),(1127,'44','nan','32.01.01-002','32.01.26-010'),(1128,'16','nan','32.01.01-003','32.01.05-001'),(1129,'20','nan','32.01.01-003','32.01.05-002'),(1130,'17','nan','32.01.01-003','32.01.05-003'),(1131,'29','nan','32.01.01-003','32.01.05-004'),(1132,'23','nan','32.01.01-003','32.01.05-005'),(1133,'24','nan','32.01.01-003','32.01.05-006'),(1134,'27','nan','32.01.01-003','32.01.05-007'),(1135,'16','nan','32.01.01-003','32.01.05-008'),(1136,'17','nan','32.01.01-003','32.01.05-009'),(1137,'20','nan','32.01.01-003','32.01.05-010'),(1138,'77','nan','32.01.01-003','32.01.25-001'),(1139,'81','nan','32.01.01-003','32.01.25-002'),(1140,'104','nan','32.01.01-003','32.01.25-003'),(1141,'43','nan','32.01.01-003','32.01.25-004'),(1142,'45','nan','32.01.01-003','32.01.25-005'),(1143,'41','nan','32.01.01-003','32.01.25-006'),(1144,'40','nan','32.01.01-003','32.01.25-007'),(1145,'84','nan','32.01.01-003','32.01.25-008'),(1146,'63','nan','32.01.01-003','32.01.25-009'),(1147,'43','nan','32.01.01-003','32.01.25-010'),(1148,'5','nan','32.01.01-003','32.01.03-001'),(1149,'5','nan','32.01.01-003','32.01.01-001'),(1150,'13','nan','32.01.01-003','32.01.01-002'),(1151,'6','nan','32.01.01-003','32.01.01-004'),(1152,'10','nan','32.01.01-003','32.01.01-005'),(1153,'7','nan','32.01.01-003','32.01.01-006'),(1154,'19','nan','32.01.01-003','32.01.01-007'),(1155,'18','nan','32.01.01-003','32.01.01-008'),(1156,'16','nan','32.01.01-003','32.01.01-009'),(1157,'43','nan','32.01.01-003','32.01.07-001'),(1158,'40','nan','32.01.01-003','32.01.07-002'),(1159,'52','nan','32.01.01-003','32.01.07-003'),(1160,'32','nan','32.01.01-003','32.01.07-004'),(1161,'42','nan','32.01.01-003','32.01.07-005'),(1162,'40','nan','32.01.01-003','32.01.07-006'),(1163,'31','nan','32.01.01-003','32.01.07-007'),(1164,'23','nan','32.01.01-003','32.01.07-008'),(1165,'43','nan','32.01.01-003','32.01.07-009'),(1166,'56','nan','32.01.01-003','32.01.07-010'),(1167,'36','nan','32.01.01-003','32.01.26-001'),(1168,'56','nan','32.01.01-003','32.01.26-002'),(1169,'62','nan','32.01.01-003','32.01.26-003'),(1170,'39','nan','32.01.01-003','32.01.26-004'),(1171,'39','nan','32.01.01-003','32.01.26-005'),(1172,'37','nan','32.01.01-003','32.01.26-006'),(1173,'36','nan','32.01.01-003','32.01.26-007'),(1174,'37','nan','32.01.01-003','32.01.26-008'),(1175,'36','nan','32.01.01-003','32.01.26-009'),(1176,'35','nan','32.01.01-003','32.01.26-010'),(1177,'24','nan','32.01.26-010','32.01.05-001'),(1178,'28','nan','32.01.26-010','32.01.05-002'),(1179,'23','nan','32.01.26-010','32.01.05-003'),(1180,'36','nan','32.01.26-010','32.01.05-004'),(1181,'30','nan','32.01.26-010','32.01.05-005'),(1182,'32','nan','32.01.26-010','32.01.05-006'),(1183,'34','nan','32.01.26-010','32.01.05-007'),(1184,'24','nan','32.01.26-010','32.01.05-008'),(1185,'25','nan','32.01.26-010','32.01.05-009'),(1186,'27','nan','32.01.26-010','32.01.05-010'),(1187,'20','nan','32.01.26-010','32.01.25-001'),(1188,'19','nan','32.01.26-010','32.01.25-002'),(1189,'30','nan','32.01.26-010','32.01.25-003'),(1190,'6','nan','32.01.26-010','32.01.25-004'),(1191,'7','nan','32.01.26-010','32.01.25-005'),(1192,'4','nan','32.01.26-010','32.01.25-006'),(1193,'4','nan','32.01.26-010','32.01.25-007'),(1194,'34','nan','32.01.26-010','32.01.25-008'),(1195,'19','nan','32.01.26-010','32.01.25-009'),(1196,'6','nan','32.01.26-010','32.01.25-010'),(1197,'28','nan','32.01.26-010','32.01.03-001'),(1198,'36','nan','32.01.26-010','32.01.01-001'),(1199,'37','nan','32.01.26-010','32.01.01-002'),(1200,'31','nan','32.01.26-010','32.01.01-003'),(1201,'35','nan','32.01.26-010','32.01.01-004'),(1202,'35','nan','32.01.26-010','32.01.01-005'),(1203,'38','nan','32.01.26-010','32.01.01-006'),(1204,'42','nan','32.01.26-010','32.01.01-007'),(1205,'43','nan','32.01.26-010','32.01.01-008'),(1206,'39','nan','32.01.26-010','32.01.01-009'),(1207,'60','nan','32.01.26-010','32.01.07-001'),(1208,'62','nan','32.01.26-010','32.01.07-002'),(1209,'70','nan','32.01.26-010','32.01.07-003'),(1210,'54','nan','32.01.26-010','32.01.07-004'),(1211,'58','nan','32.01.26-010','32.01.07-005'),(1212,'62','nan','32.01.26-010','32.01.07-006'),(1213,'49','nan','32.01.26-010','32.01.07-007'),(1214,'55','nan','32.01.26-010','32.01.07-008'),(1215,'59','nan','32.01.26-010','32.01.07-009'),(1216,'70','nan','32.01.26-010','32.01.07-010'),(1217,'1','nan','32.01.26-010','32.01.26-001'),(1218,'23','nan','32.01.26-010','32.01.26-002'),(1219,'26','nan','32.01.26-010','32.01.26-003'),(1220,'3','nan','32.01.26-010','32.01.26-004'),(1221,'4','nan','32.01.26-010','32.01.26-005'),(1222,'1','nan','32.01.26-010','32.01.26-006'),(1223,'1','nan','32.01.26-010','32.01.26-007'),(1224,'1','nan','32.01.26-010','32.01.26-008'),(1225,'1','nan','32.01.26-010','32.01.26-009'),(1226,'30','nan','32.01.26-009','32.01.05-001'),(1227,'27','nan','32.01.26-009','32.01.05-002'),(1228,'23','nan','32.01.26-009','32.01.05-003'),(1229,'35','nan','32.01.26-009','32.01.05-004'),(1230,'29','nan','32.01.26-009','32.01.05-005'),(1231,'30','nan','32.01.26-009','32.01.05-006'),(1232,'33','nan','32.01.26-009','32.01.05-007'),(1233,'23','nan','32.01.26-009','32.01.05-008'),(1234,'24','nan','32.01.26-009','32.01.05-009'),(1235,'26','nan','32.01.26-009','32.01.05-010'),(1236,'18','nan','32.01.26-009','32.01.25-001'),(1237,'18','nan','32.01.26-009','32.01.25-002'),(1238,'29','nan','32.01.26-009','32.01.25-003'),(1239,'5','nan','32.01.26-009','32.01.25-004'),(1240,'6','nan','32.01.26-009','32.01.25-005'),(1241,'3','nan','32.01.26-009','32.01.25-006'),(1242,'3','nan','32.01.26-009','32.01.25-007'),(1243,'33','nan','32.01.26-009','32.01.25-008'),(1244,'19','nan','32.01.26-009','32.01.25-009'),(1245,'5','nan','32.01.26-009','32.01.25-010'),(1246,'27','nan','32.01.26-009','32.01.03-001'),(1247,'35','nan','32.01.26-009','32.01.01-001'),(1248,'36','nan','32.01.26-009','32.01.01-002'),(1249,'29','nan','32.01.26-009','32.01.01-003'),(1250,'33','nan','32.01.26-009','32.01.01-004'),(1251,'33','nan','32.01.26-009','32.01.01-005'),(1252,'36','nan','32.01.26-009','32.01.01-006'),(1253,'40','nan','32.01.26-009','32.01.01-007'),(1254,'41','nan','32.01.26-009','32.01.01-008'),(1255,'37','nan','32.01.26-009','32.01.01-009'),(1256,'57','nan','32.01.26-009','32.01.07-001'),(1257,'59','nan','32.01.26-009','32.01.07-002'),(1258,'68','nan','32.01.26-009','32.01.07-003'),(1259,'53','nan','32.01.26-009','32.01.07-004'),(1260,'57','nan','32.01.26-009','32.01.07-005'),(1261,'60','nan','32.01.26-009','32.01.07-006'),(1262,'48','nan','32.01.26-009','32.01.07-007'),(1263,'54','nan','32.01.26-009','32.01.07-008'),(1264,'57','nan','32.01.26-009','32.01.07-009'),(1265,'69','nan','32.01.26-009','32.01.07-010'),(1266,'1','nan','32.01.26-009','32.01.26-001'),(1267,'23','nan','32.01.26-009','32.01.26-002'),(1268,'26','nan','32.01.26-009','32.01.26-003'),(1269,'2','nan','32.01.26-009','32.01.26-004'),(1270,'3','nan','32.01.26-009','32.01.26-005'),(1271,'1','nan','32.01.26-009','32.01.26-006'),(1272,'1','nan','32.01.26-009','32.01.26-007'),(1273,'1','nan','32.01.26-009','32.01.26-008'),(1274,'1','nan','32.01.26-009','32.01.26-010'),(1275,'23','nan','32.01.26-008','32.01.05-001'),(1276,'27','nan','32.01.26-008','32.01.05-002'),(1277,'23','nan','32.01.26-008','32.01.05-003'),(1278,'35','nan','32.01.26-008','32.01.05-004'),(1279,'30','nan','32.01.26-008','32.01.05-005'),(1280,'30','nan','32.01.26-008','32.01.05-006'),(1281,'32','nan','32.01.26-008','32.01.05-007'),(1282,'22','nan','32.01.26-008','32.01.05-008'),(1283,'23','nan','32.01.26-008','32.01.05-009'),(1284,'25','nan','32.01.26-008','32.01.05-010'),(1285,'17','nan','32.01.26-008','32.01.25-001'),(1286,'17','nan','32.01.26-008','32.01.25-002'),(1287,'28','nan','32.01.26-008','32.01.25-003'),(1288,'5','nan','32.01.26-008','32.01.25-004'),(1289,'6','nan','32.01.26-008','32.01.25-005'),(1290,'3','nan','32.01.26-008','32.01.25-006'),(1291,'3','nan','32.01.26-008','32.01.25-007'),(1292,'32','nan','32.01.26-008','32.01.25-008'),(1293,'18','nan','32.01.26-008','32.01.25-009'),(1294,'5','nan','32.01.26-008','32.01.25-010'),(1295,'26','nan','32.01.26-008','32.01.03-001'),(1296,'32','nan','32.01.26-008','32.01.01-001'),(1297,'34','nan','32.01.26-008','32.01.01-002'),(1298,'28','nan','32.01.26-008','32.01.01-003'),(1299,'32','nan','32.01.26-008','32.01.01-004'),(1300,'31','nan','32.01.26-008','32.01.01-005'),(1301,'34','nan','32.01.26-008','32.01.01-006'),(1302,'38','nan','32.01.26-008','32.01.01-007'),(1303,'39','nan','32.01.26-008','32.01.01-008'),(1304,'35','nan','32.01.26-008','32.01.01-009'),(1305,'55','nan','32.01.26-008','32.01.07-001'),(1306,'57','nan','32.01.26-008','32.01.07-002'),(1307,'63','nan','32.01.26-008','32.01.07-003'),(1308,'51','nan','32.01.26-008','32.01.07-004'),(1309,'54','nan','32.01.26-008','32.01.07-005'),(1310,'57','nan','32.01.26-008','32.01.07-006'),(1311,'47','nan','32.01.26-008','32.01.07-007'),(1312,'52','nan','32.01.26-008','32.01.07-008'),(1313,'24','nan','32.01.26-008','32.01.07-009'),(1314,'64','nan','32.01.26-008','32.01.07-010'),(1315,'1','nan','32.01.26-008','32.01.26-001'),(1316,'22','nan','32.01.26-008','32.01.26-002'),(1317,'26','nan','32.01.26-008','32.01.26-003'),(1318,'2','nan','32.01.26-008','32.01.26-004'),(1319,'3','nan','32.01.26-008','32.01.26-005'),(1320,'1','nan','32.01.26-008','32.01.26-006'),(1321,'1','nan','32.01.26-008','32.01.26-007'),(1322,'1','nan','32.01.26-008','32.01.26-009'),(1323,'2','nan','32.01.26-008','32.01.26-010'),(1324,'34','nan','32.01.26-007','32.01.05-001'),(1325,'37','nan','32.01.26-007','32.01.05-002'),(1326,'32','nan','32.01.26-007','32.01.05-003'),(1327,'41','nan','32.01.26-007','32.01.05-004'),(1328,'41','nan','32.01.26-007','32.01.05-005'),(1329,'42','nan','32.01.26-007','32.01.05-006'),(1330,'43','nan','32.01.26-007','32.01.05-007'),(1331,'33','nan','32.01.26-007','32.01.05-008'),(1332,'35','nan','32.01.26-007','32.01.05-009'),(1333,'38','nan','32.01.26-007','32.01.05-010'),(1334,'21','nan','32.01.26-007','32.01.25-001'),(1335,'20','nan','32.01.26-007','32.01.25-002'),(1336,'33','nan','32.01.26-007','32.01.25-003'),(1337,'6','nan','32.01.26-007','32.01.25-004'),(1338,'6','nan','32.01.26-007','32.01.25-005'),(1339,'3','nan','32.01.26-007','32.01.25-006'),(1340,'3','nan','32.01.26-007','32.01.25-007'),(1341,'36','nan','32.01.26-007','32.01.25-008'),(1342,'23','nan','32.01.26-007','32.01.25-009'),(1343,'5','nan','32.01.26-007','32.01.25-010'),(1344,'38','nan','32.01.26-007','32.01.03-001'),(1345,'46','nan','32.01.26-007','32.01.01-001'),(1346,'48','nan','32.01.26-007','32.01.01-002'),(1347,'41','nan','32.01.26-007','32.01.01-003'),(1348,'46','nan','32.01.26-007','32.01.01-004'),(1349,'45','nan','32.01.26-007','32.01.01-005'),(1350,'49','nan','32.01.26-007','32.01.01-006'),(1351,'50','nan','32.01.26-007','32.01.01-007'),(1352,'51','nan','32.01.26-007','32.01.01-008'),(1353,'49','nan','32.01.26-007','32.01.01-009'),(1354,'76','nan','32.01.26-007','32.01.07-001'),(1355,'72','nan','32.01.26-007','32.01.07-002'),(1356,'82','nan','32.01.26-007','32.01.07-003'),(1357,'64','nan','32.01.26-007','32.01.07-004'),(1358,'69','nan','32.01.26-007','32.01.07-005'),(1359,'70','nan','32.01.26-007','32.01.07-006'),(1360,'59','nan','32.01.26-007','32.01.07-007'),(1361,'65','nan','32.01.26-007','32.01.07-008'),(1362,'75','nan','32.01.26-007','32.01.07-009'),(1363,'83','nan','32.01.26-007','32.01.07-010'),(1364,'1','nan','32.01.26-007','32.01.26-001'),(1365,'25','nan','32.01.26-007','32.01.26-002'),(1366,'30','nan','32.01.26-007','32.01.26-003'),(1367,'2','nan','32.01.26-007','32.01.26-004'),(1368,'3','nan','32.01.26-007','32.01.26-005'),(1369,'1','nan','32.01.26-007','32.01.26-006'),(1370,'1','nan','32.01.26-007','32.01.26-008'),(1371,'1','nan','32.01.26-007','32.01.26-009'),(1372,'1','nan','32.01.26-007','32.01.26-010'),(1373,'27','nan','32.01.26-006','32.01.05-001'),(1374,'31','nan','32.01.26-006','32.01.05-002'),(1375,'27','nan','32.01.26-006','32.01.05-003'),(1376,'39','nan','32.01.26-006','32.01.05-004'),(1377,'34','nan','32.01.26-006','32.01.05-005'),(1378,'35','nan','32.01.26-006','32.01.05-006'),(1379,'38','nan','32.01.26-006','32.01.05-007'),(1380,'27','nan','32.01.26-006','32.01.05-008'),(1381,'29','nan','32.01.26-006','32.01.05-009'),(1382,'31','nan','32.01.26-006','32.01.05-010'),(1383,'20','nan','32.01.26-006','32.01.25-001'),(1384,'18','nan','32.01.26-006','32.01.25-002'),(1385,'31','nan','32.01.26-006','32.01.25-003'),(1386,'5','nan','32.01.26-006','32.01.25-004'),(1387,'6','nan','32.01.26-006','32.01.25-005'),(1388,'3','nan','32.01.26-006','32.01.25-006'),(1389,'3','nan','32.01.26-006','32.01.25-007'),(1390,'34','nan','32.01.26-006','32.01.25-008'),(1391,'19','nan','32.01.26-006','32.01.25-009'),(1392,'5','nan','32.01.26-006','32.01.25-010'),(1393,'32','nan','32.01.26-006','32.01.03-001'),(1394,'39','nan','32.01.26-006','32.01.01-001'),(1395,'41','nan','32.01.26-006','32.01.01-002'),(1396,'36','nan','32.01.26-006','32.01.01-003'),(1397,'41','nan','32.01.26-006','32.01.01-004'),(1398,'38','nan','32.01.26-006','32.01.01-005'),(1399,'42','nan','32.01.26-006','32.01.01-006'),(1400,'44','nan','32.01.26-006','32.01.01-007'),(1401,'43','nan','32.01.26-006','32.01.01-008'),(1402,'42','nan','32.01.26-006','32.01.01-009'),(1403,'66','nan','32.01.26-006','32.01.07-001'),(1404,'65','nan','32.01.26-006','32.01.07-002'),(1405,'73','nan','32.01.26-006','32.01.07-003'),(1406,'55','nan','32.01.26-006','32.01.07-004'),(1407,'62','nan','32.01.26-006','32.01.07-005'),(1408,'63','nan','32.01.26-006','32.01.07-006'),(1409,'51','nan','32.01.26-006','32.01.07-007'),(1410,'58','nan','32.01.26-006','32.01.07-008'),(1411,'61','nan','32.01.26-006','32.01.07-009'),(1412,'72','nan','32.01.26-006','32.01.07-010'),(1413,'1','nan','32.01.26-006','32.01.26-001'),(1414,'23','nan','32.01.26-006','32.01.26-002'),(1415,'28','nan','32.01.26-006','32.01.26-003'),(1416,'2','nan','32.01.26-006','32.01.26-004'),(1417,'3','nan','32.01.26-006','32.01.26-005'),(1418,'1','nan','32.01.26-006','32.01.26-007'),(1419,'1','nan','32.01.26-006','32.01.26-008'),(1420,'1','nan','32.01.26-006','32.01.26-009'),(1421,'2','nan','32.01.26-006','32.01.26-010'),(1422,'26','nan','32.01.26-005','32.01.05-001'),(1423,'31','nan','32.01.26-005','32.01.05-002'),(1424,'26','nan','32.01.26-005','32.01.05-003'),(1425,'39','nan','32.01.26-005','32.01.05-004'),(1426,'33','nan','32.01.26-005','32.01.05-005'),(1427,'35','nan','32.01.26-005','32.01.05-006'),(1428,'37','nan','32.01.26-005','32.01.05-007'),(1429,'27','nan','32.01.26-005','32.01.05-008'),(1430,'28','nan','32.01.26-005','32.01.05-009'),(1431,'30','nan','32.01.26-005','32.01.05-010'),(1432,'21','nan','32.01.26-005','32.01.25-001'),(1433,'21','nan','32.01.26-005','32.01.25-002'),(1434,'33','nan','32.01.26-005','32.01.25-003'),(1435,'8','nan','32.01.26-005','32.01.25-004'),(1436,'9','nan','32.01.26-005','32.01.25-005'),(1437,'5','nan','32.01.26-005','32.01.25-006'),(1438,'5','nan','32.01.26-005','32.01.25-007'),(1439,'36','nan','32.01.26-005','32.01.25-008'),(1440,'21','nan','32.01.26-005','32.01.25-009'),(1441,'8','nan','32.01.26-005','32.01.25-010'),(1442,'31','nan','32.01.26-005','32.01.03-001'),(1443,'37','nan','32.01.26-005','32.01.01-001'),(1444,'38','nan','32.01.26-005','32.01.01-002'),(1445,'33','nan','32.01.26-005','32.01.01-003'),(1446,'37','nan','32.01.26-005','32.01.01-004'),(1447,'36','nan','32.01.26-005','32.01.01-005'),(1448,'39','nan','32.01.26-005','32.01.01-006'),(1449,'41','nan','32.01.26-005','32.01.01-007'),(1450,'41','nan','32.01.26-005','32.01.01-008'),(1451,'39','nan','32.01.26-005','32.01.01-009'),(1452,'62','nan','32.01.26-005','32.01.07-001'),(1453,'62','nan','32.01.26-005','32.01.07-002'),(1454,'70','nan','32.01.26-005','32.01.07-003'),(1455,'54','nan','32.01.26-005','32.01.07-004'),(1456,'60','nan','32.01.26-005','32.01.07-005'),(1457,'62','nan','32.01.26-005','32.01.07-006'),(1458,'50','nan','32.01.26-005','32.01.07-007'),(1459,'56','nan','32.01.26-005','32.01.07-008'),(1460,'61','nan','32.01.26-005','32.01.07-009'),(1461,'75','nan','32.01.26-005','32.01.07-010'),(1462,'3','nan','32.01.26-005','32.01.26-001'),(1463,'26','nan','32.01.26-005','32.01.26-002'),(1464,'31','nan','32.01.26-005','32.01.26-003'),(1465,'5','nan','32.01.26-005','32.01.26-004'),(1466,'3','nan','32.01.26-005','32.01.26-006'),(1467,'3','nan','32.01.26-005','32.01.26-007'),(1468,'3','nan','32.01.26-005','32.01.26-008'),(1469,'4','nan','32.01.26-005','32.01.26-009'),(1470,'4','nan','32.01.26-005','32.01.26-010'),(1471,'26','nan','32.01.26-004','32.01.05-001'),(1472,'29','nan','32.01.26-004','32.01.05-002'),(1473,'26','nan','32.01.26-004','32.01.05-003'),(1474,'38','nan','32.01.26-004','32.01.05-004'),(1475,'33','nan','32.01.26-004','32.01.05-005'),(1476,'34','nan','32.01.26-004','32.01.05-006'),(1477,'36','nan','32.01.26-004','32.01.05-007'),(1478,'26','nan','32.01.26-004','32.01.05-008'),(1479,'27','nan','32.01.26-004','32.01.05-009'),(1480,'30','nan','32.01.26-004','32.01.05-010'),(1481,'22','nan','32.01.26-004','32.01.25-001'),(1482,'22','nan','32.01.26-004','32.01.25-002'),(1483,'33','nan','32.01.26-004','32.01.25-003'),(1484,'7','nan','32.01.26-004','32.01.25-004'),(1485,'9','nan','32.01.26-004','32.01.25-005'),(1486,'5','nan','32.01.26-004','32.01.25-006'),(1487,'5','nan','32.01.26-004','32.01.25-007'),(1488,'37','nan','32.01.26-004','32.01.25-008'),(1489,'22','nan','32.01.26-004','32.01.25-009'),(1490,'7','nan','32.01.26-004','32.01.25-010'),(1491,'30','nan','32.01.26-004','32.01.03-001'),(1492,'36','nan','32.01.26-004','32.01.01-001'),(1493,'39','nan','32.01.26-004','32.01.01-002'),(1494,'32','nan','32.01.26-004','32.01.01-003'),(1495,'36','nan','32.01.26-004','32.01.01-004'),(1496,'35','nan','32.01.26-004','32.01.01-005'),(1497,'38','nan','32.01.26-004','32.01.01-006'),(1498,'41','nan','32.01.26-004','32.01.01-007'),(1499,'41','nan','32.01.26-004','32.01.01-008'),(1500,'39','nan','32.01.26-004','32.01.01-009'),(1501,'61','nan','32.01.26-004','32.01.07-001'),(1502,'60','nan','32.01.26-004','32.01.07-002'),(1503,'70','nan','32.01.26-004','32.01.07-003'),(1504,'53','nan','32.01.26-004','32.01.07-004'),(1505,'59','nan','32.01.26-004','32.01.07-005'),(1506,'60','nan','32.01.26-004','32.01.07-006'),(1507,'49','nan','32.01.26-004','32.01.07-007'),(1508,'55','nan','32.01.26-004','32.01.07-008'),(1509,'61','nan','32.01.26-004','32.01.07-009'),(1510,'73','nan','32.01.26-004','32.01.07-010'),(1511,'3','nan','32.01.26-004','32.01.26-001'),(1512,'26','nan','32.01.26-004','32.01.26-002'),(1513,'30','nan','32.01.26-004','32.01.26-003'),(1514,'6','nan','32.01.26-004','32.01.26-005'),(1515,'3','nan','32.01.26-004','32.01.26-006'),(1516,'3','nan','32.01.26-004','32.01.26-007'),(1517,'3','nan','32.01.26-004','32.01.26-008'),(1518,'3','nan','32.01.26-004','32.01.26-009'),(1519,'4','nan','32.01.26-004','32.01.26-010'),(1520,'50','nan','32.01.26-003','32.01.05-001'),(1521,'53','nan','32.01.26-003','32.01.05-002'),(1522,'49','nan','32.01.26-003','32.01.05-003'),(1523,'61','nan','32.01.26-003','32.01.05-004'),(1524,'56','nan','32.01.26-003','32.01.05-005'),(1525,'58','nan','32.01.26-003','32.01.05-006'),(1526,'61','nan','32.01.26-003','32.01.05-007'),(1527,'49','nan','32.01.26-003','32.01.05-008'),(1528,'50','nan','32.01.26-003','32.01.05-009'),(1529,'53','nan','32.01.26-003','32.01.05-010'),(1530,'39','nan','32.01.26-003','32.01.25-001'),(1531,'40','nan','32.01.26-003','32.01.25-002'),(1532,'51','nan','32.01.26-003','32.01.25-003'),(1533,'28','nan','32.01.26-003','32.01.25-004'),(1534,'29','nan','32.01.26-003','32.01.25-005'),(1535,'26','nan','32.01.26-003','32.01.25-006'),(1536,'26','nan','32.01.26-003','32.01.25-007'),(1537,'54','nan','32.01.26-003','32.01.25-008'),(1538,'40','nan','32.01.26-003','32.01.25-009'),(1539,'28','nan','32.01.26-003','32.01.25-010'),(1540,'53','nan','32.01.26-003','32.01.03-001'),(1541,'60','nan','32.01.26-003','32.01.01-001'),(1542,'62','nan','32.01.26-003','32.01.01-002'),(1543,'55','nan','32.01.26-003','32.01.01-003'),(1544,'58','nan','32.01.26-003','32.01.01-004'),(1545,'59','nan','32.01.26-003','32.01.01-005'),(1546,'60','nan','32.01.26-003','32.01.01-006'),(1547,'65','nan','32.01.26-003','32.01.01-007'),(1548,'65','nan','32.01.26-003','32.01.01-008'),(1549,'62','nan','32.01.26-003','32.01.01-009'),(1550,'84','nan','32.01.26-003','32.01.07-001'),(1551,'83','nan','32.01.26-003','32.01.07-002'),(1552,'93','nan','32.01.26-003','32.01.07-003'),(1553,'75','nan','32.01.26-003','32.01.07-004'),(1554,'83','nan','32.01.26-003','32.01.07-005'),(1555,'83','nan','32.01.26-003','32.01.07-006'),(1556,'73','nan','32.01.26-003','32.01.07-007'),(1557,'77','nan','32.01.26-003','32.01.07-008'),(1558,'85','nan','32.01.26-003','32.01.07-009'),(1559,'96','nan','32.01.26-003','32.01.07-010'),(1560,'28','nan','32.01.26-003','32.01.26-001'),(1561,'21','nan','32.01.26-003','32.01.26-002'),(1562,'27','nan','32.01.26-003','32.01.26-004'),(1563,'30','nan','32.01.26-003','32.01.26-005'),(1564,'27','nan','32.01.26-003','32.01.26-006'),(1565,'28','nan','32.01.26-003','32.01.26-007'),(1566,'28','nan','32.01.26-003','32.01.26-008'),(1567,'28','nan','32.01.26-003','32.01.26-009'),(1568,'29','nan','32.01.26-003','32.01.26-010'),(1569,'45','nan','32.01.26-002','32.01.05-001'),(1570,'49','nan','32.01.26-002','32.01.05-002'),(1571,'45','nan','32.01.26-002','32.01.05-003'),(1572,'56','nan','32.01.26-002','32.01.05-004'),(1573,'51','nan','32.01.26-002','32.01.05-005'),(1574,'53','nan','32.01.26-002','32.01.05-006'),(1575,'55','nan','32.01.26-002','32.01.05-007'),(1576,'45','nan','32.01.26-002','32.01.05-008'),(1577,'46','nan','32.01.26-002','32.01.05-009'),(1578,'48','nan','32.01.26-002','32.01.05-010'),(1579,'33','nan','32.01.26-002','32.01.25-001'),(1580,'34','nan','32.01.26-002','32.01.25-002'),(1581,'46','nan','32.01.26-002','32.01.25-003'),(1582,'25','nan','32.01.26-002','32.01.25-004'),(1583,'25','nan','32.01.26-002','32.01.25-005'),(1584,'22','nan','32.01.26-002','32.01.25-006'),(1585,'23','nan','32.01.26-002','32.01.25-007'),(1586,'47','nan','32.01.26-002','32.01.25-008'),(1587,'35','nan','32.01.26-002','32.01.25-009'),(1588,'24','nan','32.01.26-002','32.01.25-010'),(1589,'48','nan','32.01.26-002','32.01.03-001'),(1590,'55','nan','32.01.26-002','32.01.01-001'),(1591,'57','nan','32.01.26-002','32.01.01-002'),(1592,'51','nan','32.01.26-002','32.01.01-003'),(1593,'53','nan','32.01.26-002','32.01.01-004'),(1594,'53','nan','32.01.26-002','32.01.01-005'),(1595,'55','nan','32.01.26-002','32.01.01-006'),(1596,'60','nan','32.01.26-002','32.01.01-007'),(1597,'60','nan','32.01.26-002','32.01.01-008'),(1598,'57','nan','32.01.26-002','32.01.01-009'),(1599,'78','nan','32.01.26-002','32.01.07-001'),(1600,'79','nan','32.01.26-002','32.01.07-002'),(1601,'87','nan','32.01.26-002','32.01.07-003'),(1602,'71','nan','32.01.26-002','32.01.07-004'),(1603,'67','nan','32.01.26-002','32.01.07-005'),(1604,'79','nan','32.01.26-002','32.01.07-006'),(1605,'68','nan','32.01.26-002','32.01.07-007'),(1606,'73','nan','32.01.26-002','32.01.07-008'),(1607,'79','nan','32.01.26-002','32.01.07-009'),(1608,'89','nan','32.01.26-002','32.01.07-010'),(1609,'24','nan','32.01.26-002','32.01.26-001'),(1610,'21','nan','32.01.26-002','32.01.26-003'),(1611,'23','nan','32.01.26-002','32.01.26-004'),(1612,'26','nan','32.01.26-002','32.01.26-005'),(1613,'24','nan','32.01.26-002','32.01.26-006'),(1614,'24','nan','32.01.26-002','32.01.26-007'),(1615,'24','nan','32.01.26-002','32.01.26-008'),(1616,'25','nan','32.01.26-002','32.01.26-009'),(1617,'25','nan','32.01.26-002','32.01.26-010'),(1618,'22','nan','32.01.26-001','32.01.05-001'),(1619,'26','nan','32.01.26-001','32.01.05-002'),(1620,'22','nan','32.01.26-001','32.01.05-003'),(1621,'34','nan','32.01.26-001','32.01.05-004'),(1622,'28','nan','32.01.26-001','32.01.05-005'),(1623,'30','nan','32.01.26-001','32.01.05-006'),(1624,'32','nan','32.01.26-001','32.01.05-007'),(1625,'22','nan','32.01.26-001','32.01.05-008'),(1626,'23','nan','32.01.26-001','32.01.05-009'),(1627,'25','nan','32.01.26-001','32.01.05-010'),(1628,'20','nan','32.01.26-001','32.01.25-001'),(1629,'20','nan','32.01.26-001','32.01.25-002'),(1630,'30','nan','32.01.26-001','32.01.25-003'),(1631,'6','nan','32.01.26-001','32.01.25-004'),(1632,'6','nan','32.01.26-001','32.01.25-005'),(1633,'3','nan','32.01.26-001','32.01.25-006'),(1634,'3','nan','32.01.26-001','32.01.25-007'),(1635,'34','nan','32.01.26-001','32.01.25-008'),(1636,'21','nan','32.01.26-001','32.01.25-009'),(1637,'5','nan','32.01.26-001','32.01.25-010'),(1638,'26','nan','32.01.26-001','32.01.03-001'),(1639,'33','nan','32.01.26-001','32.01.01-001'),(1640,'35','nan','32.01.26-001','32.01.01-002'),(1641,'28','nan','32.01.26-001','32.01.01-003'),(1642,'31','nan','32.01.26-001','32.01.01-004'),(1643,'31','nan','32.01.26-001','32.01.01-005'),(1644,'33','nan','32.01.26-001','32.01.01-006'),(1645,'37','nan','32.01.26-001','32.01.01-007'),(1646,'37','nan','32.01.26-001','32.01.01-008'),(1647,'35','nan','32.01.26-001','32.01.01-009'),(1648,'54','nan','32.01.26-001','32.01.07-001'),(1649,'55','nan','32.01.26-001','32.01.07-002'),(1650,'62','nan','32.01.26-001','32.01.07-003'),(1651,'48','nan','32.01.26-001','32.01.07-004'),(1652,'54','nan','32.01.26-001','32.01.07-005'),(1653,'55','nan','32.01.26-001','32.01.07-006'),(1654,'45','nan','32.01.26-001','32.01.07-007'),(1655,'51','nan','32.01.26-001','32.01.07-008'),(1656,'54','nan','32.01.26-001','32.01.07-009'),(1657,'65','nan','32.01.26-001','32.01.07-010'),(1658,'23','nan','32.01.26-001','32.01.26-002'),(1659,'28','nan','32.01.26-001','32.01.26-003'),(1660,'2','nan','32.01.26-001','32.01.26-004'),(1661,'3','nan','32.01.26-001','32.01.26-005'),(1662,'1','nan','32.01.26-001','32.01.26-006'),(1663,'1','nan','32.01.26-001','32.01.26-007'),(1664,'1','nan','32.01.26-001','32.01.26-008'),(1665,'1','nan','32.01.26-001','32.01.26-009'),(1666,'1','nan','32.01.26-001','32.01.26-010'),(1667,'50','nan','32.01.07-010','32.01.05-001'),(1668,'53','nan','32.01.07-010','32.01.05-002'),(1669,'51','nan','32.01.07-010','32.01.05-003'),(1670,'59','nan','32.01.07-010','32.01.05-004'),(1671,'58','nan','32.01.07-010','32.01.05-005'),(1672,'59','nan','32.01.07-010','32.01.05-006'),(1673,'61','nan','32.01.07-010','32.01.05-007'),(1674,'52','nan','32.01.07-010','32.01.05-008'),(1675,'53','nan','32.01.07-010','32.01.05-009'),(1676,'54','nan','32.01.07-010','32.01.05-010'),(1677,'82','nan','32.01.07-010','32.01.25-001'),(1678,'81','nan','32.01.07-010','32.01.25-002'),(1679,'91','nan','32.01.07-010','32.01.25-003'),(1680,'71','nan','32.01.07-010','32.01.25-004'),(1681,'72','nan','32.01.07-010','32.01.25-005'),(1682,'66','nan','32.01.07-010','32.01.25-006'),(1683,'64','nan','32.01.07-010','32.01.25-007'),(1684,'94','nan','32.01.07-010','32.01.25-008'),(1685,'78','nan','32.01.07-010','32.01.25-009'),(1686,'66','nan','32.01.07-010','32.01.25-010'),(1687,'40','nan','32.01.07-010','32.01.03-001'),(1688,'45','nan','32.01.07-010','32.01.01-001'),(1689,'52','nan','32.01.07-010','32.01.01-002'),(1690,'41','nan','32.01.07-010','32.01.01-003'),(1691,'43','nan','32.01.07-010','32.01.01-004'),(1692,'44','nan','32.01.07-010','32.01.01-005'),(1693,'46','nan','32.01.07-010','32.01.01-006'),(1694,'54','nan','32.01.07-010','32.01.01-007'),(1695,'54','nan','32.01.07-010','32.01.01-008'),(1696,'53','nan','32.01.07-010','32.01.01-009'),(1697,'14','nan','32.01.07-010','32.01.07-001'),(1698,'15','nan','32.01.07-010','32.01.07-002'),(1699,'11','nan','32.01.07-010','32.01.07-003'),(1700,'19','nan','32.01.07-010','32.01.07-004'),(1701,'13','nan','32.01.07-010','32.01.07-005'),(1702,'16','nan','32.01.07-010','32.01.07-006'),(1703,'22','nan','32.01.07-010','32.01.07-007'),(1704,'17','nan','32.01.07-010','32.01.07-008'),(1705,'14','nan','32.01.07-010','32.01.07-009'),(1706,'64','nan','32.01.07-010','32.01.26-001'),(1707,'86','nan','32.01.07-010','32.01.26-002'),(1708,'89','nan','32.01.07-010','32.01.26-003'),(1709,'65','nan','32.01.07-010','32.01.26-004'),(1710,'64','nan','32.01.07-010','32.01.26-005'),(1711,'65','nan','32.01.07-010','32.01.26-006'),(1712,'64','nan','32.01.07-010','32.01.26-007'),(1713,'65','nan','32.01.07-010','32.01.26-008'),(1714,'64','nan','32.01.07-010','32.01.26-009'),(1715,'63','nan','32.01.07-010','32.01.26-010'),(1716,'43','nan','32.01.07-009','32.01.05-001'),(1717,'46','nan','32.01.07-009','32.01.05-002'),(1718,'42','nan','32.01.07-009','32.01.05-003'),(1719,'54','nan','32.01.07-009','32.01.05-004'),(1720,'46','nan','32.01.07-009','32.01.05-005'),(1721,'47','nan','32.01.07-009','32.01.05-006'),(1722,'49','nan','32.01.07-009','32.01.05-007'),(1723,'41','nan','32.01.07-009','32.01.05-008'),(1724,'41','nan','32.01.07-009','32.01.05-009'),(1725,'43','nan','32.01.07-009','32.01.05-010'),(1726,'79','nan','32.01.07-009','32.01.25-001'),(1727,'70','nan','32.01.07-009','32.01.25-002'),(1728,'81','nan','32.01.07-009','32.01.25-003'),(1729,'60','nan','32.01.07-009','32.01.25-004'),(1730,'59','nan','32.01.07-009','32.01.25-005'),(1731,'57','nan','32.01.07-009','32.01.25-006'),(1732,'56','nan','32.01.07-009','32.01.25-007'),(1733,'84','nan','32.01.07-009','32.01.25-008'),(1734,'69','nan','32.01.07-009','32.01.25-009'),(1735,'59','nan','32.01.07-009','32.01.25-010'),(1736,'31','nan','32.01.07-009','32.01.03-001'),(1737,'37','nan','32.01.07-009','32.01.01-001'),(1738,'43','nan','32.01.07-009','32.01.01-002'),(1739,'33','nan','32.01.07-009','32.01.01-003'),(1740,'36','nan','32.01.07-009','32.01.01-004'),(1741,'36','nan','32.01.07-009','32.01.01-005'),(1742,'39','nan','32.01.07-009','32.01.01-006'),(1743,'47','nan','32.01.07-009','32.01.01-007'),(1744,'46','nan','32.01.07-009','32.01.01-008'),(1745,'44','nan','32.01.07-009','32.01.01-009'),(1746,'4','nan','32.01.07-009','32.01.07-001'),(1747,'8','nan','32.01.07-009','32.01.07-002'),(1748,'15','nan','32.01.07-009','32.01.07-003'),(1749,'8','nan','32.01.07-009','32.01.07-004'),(1750,'6','nan','32.01.07-009','32.01.07-005'),(1751,'9','nan','32.01.07-009','32.01.07-006'),(1752,'12','nan','32.01.07-009','32.01.07-007'),(1753,'7','nan','32.01.07-009','32.01.07-008'),(1754,'18','nan','32.01.07-009','32.01.07-010'),(1755,'54','nan','32.01.07-009','32.01.26-001'),(1756,'75','nan','32.01.07-009','32.01.26-002'),(1757,'79','nan','32.01.07-009','32.01.26-003'),(1758,'56','nan','32.01.07-009','32.01.26-004'),(1759,'57','nan','32.01.07-009','32.01.26-005'),(1760,'55','nan','32.01.07-009','32.01.26-006'),(1761,'54','nan','32.01.07-009','32.01.26-007'),(1762,'54','nan','32.01.07-009','32.01.26-008'),(1763,'53','nan','32.01.07-009','32.01.26-009'),(1764,'53','nan','32.01.07-009','32.01.26-010'),(1765,'35','nan','32.01.07-008','32.01.05-001'),(1766,'38','nan','32.01.07-008','32.01.05-002'),(1767,'35','nan','32.01.07-008','32.01.05-003'),(1768,'46','nan','32.01.07-008','32.01.05-004'),(1769,'41','nan','32.01.07-008','32.01.05-005'),(1770,'42','nan','32.01.07-008','32.01.05-006'),(1771,'44','nan','32.01.07-008','32.01.05-007'),(1772,'35','nan','32.01.07-008','32.01.05-008'),(1773,'36','nan','32.01.07-008','32.01.05-009'),(1774,'38','nan','32.01.07-008','32.01.05-010'),(1775,'63','nan','32.01.07-008','32.01.25-001'),(1776,'65','nan','32.01.07-008','32.01.25-002'),(1777,'74','nan','32.01.07-008','32.01.25-003'),(1778,'52','nan','32.01.07-008','32.01.25-004'),(1779,'53','nan','32.01.07-008','32.01.25-005'),(1780,'52','nan','32.01.07-008','32.01.25-006'),(1781,'52','nan','32.01.07-008','32.01.25-007'),(1782,'77','nan','32.01.07-008','32.01.25-008'),(1783,'63','nan','32.01.07-008','32.01.25-009'),(1784,'52','nan','32.01.07-008','32.01.25-010'),(1785,'27','nan','32.01.07-008','32.01.03-001'),(1786,'33','nan','32.01.07-008','32.01.01-001'),(1787,'39','nan','32.01.07-008','32.01.01-002'),(1788,'29','nan','32.01.07-008','32.01.01-003'),(1789,'32','nan','32.01.07-008','32.01.01-004'),(1790,'32','nan','32.01.07-008','32.01.01-005'),(1791,'34','nan','32.01.07-008','32.01.01-006'),(1792,'43','nan','32.01.07-008','32.01.01-007'),(1793,'43','nan','32.01.07-008','32.01.01-008'),(1794,'41','nan','32.01.07-008','32.01.01-009'),(1795,'8','nan','32.01.07-008','32.01.07-001'),(1796,'9','nan','32.01.07-008','32.01.07-002'),(1797,'17','nan','32.01.07-008','32.01.07-003'),(1798,'3','nan','32.01.07-008','32.01.07-004'),(1799,'7','nan','32.01.07-008','32.01.07-005'),(1800,'9','nan','32.01.07-008','32.01.07-006'),(1801,'9','nan','32.01.07-008','32.01.07-007'),(1802,'8','nan','32.01.07-008','32.01.07-009'),(1803,'19','nan','32.01.07-008','32.01.07-010'),(1804,'50','nan','32.01.07-008','32.01.26-001'),(1805,'70','nan','32.01.07-008','32.01.26-002'),(1806,'75','nan','32.01.07-008','32.01.26-003'),(1807,'51','nan','32.01.07-008','32.01.26-004'),(1808,'50','nan','32.01.07-008','32.01.26-005'),(1809,'50','nan','32.01.07-008','32.01.26-006'),(1810,'50','nan','32.01.07-008','32.01.26-007'),(1811,'40','nan','32.01.07-008','32.01.26-008'),(1812,'50','nan','32.01.07-008','32.01.26-009'),(1813,'49','nan','32.01.07-008','32.01.26-010'),(1814,'37','nan','32.01.07-007','32.01.05-001'),(1815,'42','nan','32.01.07-007','32.01.05-002'),(1816,'37','nan','32.01.07-007','32.01.05-003'),(1817,'54','nan','32.01.07-007','32.01.05-004'),(1818,'45','nan','32.01.07-007','32.01.05-005'),(1819,'45','nan','32.01.07-007','32.01.05-006'),(1820,'49','nan','32.01.07-007','32.01.05-007'),(1821,'38','nan','32.01.07-007','32.01.05-008'),(1822,'39','nan','32.01.07-007','32.01.05-009'),(1823,'42','nan','32.01.07-007','32.01.05-010'),(1824,'88','nan','32.01.07-007','32.01.25-001'),(1825,'89','nan','32.01.07-007','32.01.25-002'),(1826,'101','nan','32.01.07-007','32.01.25-003'),(1827,'74','nan','32.01.07-007','32.01.25-004'),(1828,'75','nan','32.01.07-007','32.01.25-005'),(1829,'72','nan','32.01.07-007','32.01.25-006'),(1830,'71','nan','32.01.07-007','32.01.25-007'),(1831,'103','nan','32.01.07-007','32.01.25-008'),(1832,'88','nan','32.01.07-007','32.01.25-009'),(1833,'73','nan','32.01.07-007','32.01.25-010'),(1834,'29','nan','32.01.07-007','32.01.03-001'),(1835,'38','nan','32.01.07-007','32.01.01-001'),(1836,'45','nan','32.01.07-007','32.01.01-002'),(1837,'32','nan','32.01.07-007','32.01.01-003'),(1838,'41','nan','32.01.07-007','32.01.01-004'),(1839,'39','nan','32.01.07-007','32.01.01-005'),(1840,'41','nan','32.01.07-007','32.01.01-006'),(1841,'53','nan','32.01.07-007','32.01.01-007'),(1842,'51','nan','32.01.07-007','32.01.01-008'),(1843,'49','nan','32.01.07-007','32.01.01-009'),(1844,'20','nan','32.01.07-007','32.01.07-001'),(1845,'22','nan','32.01.07-007','32.01.07-002'),(1846,'30','nan','32.01.07-007','32.01.07-003'),(1847,'12','nan','32.01.07-007','32.01.07-004'),(1848,'19','nan','32.01.07-007','32.01.07-005'),(1849,'22','nan','32.01.07-007','32.01.07-006'),(1850,'17','nan','32.01.07-007','32.01.07-008'),(1851,'30','nan','32.01.07-007','32.01.07-009'),(1852,'37','nan','32.01.07-007','32.01.07-010'),(1853,'65','nan','32.01.07-007','32.01.26-001'),(1854,'91','nan','32.01.07-007','32.01.26-002'),(1855,'95','nan','32.01.07-007','32.01.26-003'),(1856,'68','nan','32.01.07-007','32.01.26-004'),(1857,'67','nan','32.01.07-007','32.01.26-005'),(1858,'66','nan','32.01.07-007','32.01.26-006'),(1859,'65','nan','32.01.07-007','32.01.26-007'),(1860,'65','nan','32.01.07-007','32.01.26-008'),(1861,'65','nan','32.01.07-007','32.01.26-009'),(1862,'64','nan','32.01.07-007','32.01.26-010'),(1863,'52','nan','32.01.07-006','32.01.05-001'),(1864,'57','nan','32.01.07-006','32.01.05-002'),(1865,'53','nan','32.01.07-006','32.01.05-003'),(1866,'69','nan','32.01.07-006','32.01.05-004'),(1867,'60','nan','32.01.07-006','32.01.05-005'),(1868,'62','nan','32.01.07-006','32.01.05-006'),(1869,'65','nan','32.01.07-006','32.01.05-007'),(1870,'54','nan','32.01.07-006','32.01.05-008'),(1871,'54','nan','32.01.07-006','32.01.05-009'),(1872,'56','nan','32.01.07-006','32.01.05-010'),(1873,'108','nan','32.01.07-006','32.01.25-001'),(1874,'108','nan','32.01.07-006','32.01.25-002'),(1875,'119','nan','32.01.07-006','32.01.25-003'),(1876,'88','nan','32.01.07-006','32.01.25-004'),(1877,'88','nan','32.01.07-006','32.01.25-005'),(1878,'87','nan','32.01.07-006','32.01.25-006'),(1879,'87','nan','32.01.07-006','32.01.25-007'),(1880,'122','nan','32.01.07-006','32.01.25-008'),(1881,'108','nan','32.01.07-006','32.01.25-009'),(1882,'90','nan','32.01.07-006','32.01.25-010'),(1883,'45','nan','32.01.07-006','32.01.03-001'),(1884,'57','nan','32.01.07-006','32.01.01-001'),(1885,'64','nan','32.01.07-006','32.01.01-002'),(1886,'49','nan','32.01.07-006','32.01.01-003'),(1887,'56','nan','32.01.07-006','32.01.01-004'),(1888,'56','nan','32.01.07-006','32.01.01-005'),(1889,'59','nan','32.01.07-006','32.01.01-006'),(1890,'74','nan','32.01.07-006','32.01.01-007'),(1891,'74','nan','32.01.07-006','32.01.01-008'),(1892,'71','nan','32.01.07-006','32.01.01-009'),(1893,'10','nan','32.01.07-006','32.01.07-001'),(1894,'1','nan','32.01.07-006','32.01.07-002'),(1895,'20','nan','32.01.07-006','32.01.07-003'),(1896,'16','nan','32.01.07-006','32.01.07-004'),(1897,'6','nan','32.01.07-006','32.01.07-005'),(1898,'24','nan','32.01.07-006','32.01.07-007'),(1899,'18','nan','32.01.07-006','32.01.07-008'),(1900,'10','nan','32.01.07-006','32.01.07-009'),(1901,'22','nan','32.01.07-006','32.01.07-010'),(1902,'84','nan','32.01.07-006','32.01.26-001'),(1903,'109','nan','32.01.07-006','32.01.26-002'),(1904,'114','nan','32.01.07-006','32.01.26-003'),(1905,'86','nan','32.01.07-006','32.01.26-004'),(1906,'87','nan','32.01.07-006','32.01.26-005'),(1907,'85','nan','32.01.07-006','32.01.26-006'),(1908,'84','nan','32.01.07-006','32.01.26-007'),(1909,'84','nan','32.01.07-006','32.01.26-008'),(1910,'83','nan','32.01.07-006','32.01.26-009'),(1911,'82','nan','32.01.07-006','32.01.26-010'),(1912,'59','nan','32.01.07-005','32.01.05-001'),(1913,'63','nan','32.01.07-005','32.01.05-002'),(1914,'56','nan','32.01.07-005','32.01.05-003'),(1915,'73','nan','32.01.07-005','32.01.05-004'),(1916,'64','nan','32.01.07-005','32.01.05-005'),(1917,'65','nan','32.01.07-005','32.01.05-006'),(1918,'74','nan','32.01.07-005','32.01.05-007'),(1919,'58','nan','32.01.07-005','32.01.05-008'),(1920,'59','nan','32.01.07-005','32.01.05-009'),(1921,'61','nan','32.01.07-005','32.01.05-010'),(1922,'110','nan','32.01.07-005','32.01.25-001'),(1923,'111','nan','32.01.07-005','32.01.25-002'),(1924,'121','nan','32.01.07-005','32.01.25-003'),(1925,'91','nan','32.01.07-005','32.01.25-004'),(1926,'93','nan','32.01.07-005','32.01.25-005'),(1927,'91','nan','32.01.07-005','32.01.25-006'),(1928,'90','nan','32.01.07-005','32.01.25-007'),(1929,'124','nan','32.01.07-005','32.01.25-008'),(1930,'110','nan','32.01.07-005','32.01.25-009'),(1931,'91','nan','32.01.07-005','32.01.25-010'),(1932,'49','nan','32.01.07-005','32.01.03-001'),(1933,'60','nan','32.01.07-005','32.01.01-001'),(1934,'69','nan','32.01.07-005','32.01.01-002'),(1935,'55','nan','32.01.07-005','32.01.01-003'),(1936,'62','nan','32.01.07-005','32.01.01-004'),(1937,'61','nan','32.01.07-005','32.01.01-005'),(1938,'62','nan','32.01.07-005','32.01.01-006'),(1939,'77','nan','32.01.07-005','32.01.01-007'),(1940,'76','nan','32.01.07-005','32.01.01-008'),(1941,'73','nan','32.01.07-005','32.01.01-009'),(1942,'5','nan','32.01.07-005','32.01.07-001'),(1943,'6','nan','32.01.07-005','32.01.07-002'),(1944,'16','nan','32.01.07-005','32.01.07-003'),(1945,'19','nan','32.01.07-005','32.01.07-004'),(1946,'6','nan','32.01.07-005','32.01.07-006'),(1947,'27','nan','32.01.07-005','32.01.07-007'),(1948,'20','nan','32.01.07-005','32.01.07-008'),(1949,'5','nan','32.01.07-005','32.01.07-009'),(1950,'17','nan','32.01.07-005','32.01.07-010'),(1951,'68','nan','32.01.07-005','32.01.26-001'),(1952,'113','nan','32.01.07-005','32.01.26-002'),(1953,'117','nan','32.01.07-005','32.01.26-003'),(1954,'90','nan','32.01.07-005','32.01.26-004'),(1955,'91','nan','32.01.07-005','32.01.26-005'),(1956,'90','nan','32.01.07-005','32.01.26-006'),(1957,'89','nan','32.01.07-005','32.01.26-007'),(1958,'90','nan','32.01.07-005','32.01.26-008'),(1959,'89','nan','32.01.07-005','32.01.26-009'),(1960,'88','nan','32.01.07-005','32.01.26-010'),(1961,'42','nan','32.01.07-004','32.01.05-001'),(1962,'47','nan','32.01.07-004','32.01.05-002'),(1963,'42','nan','32.01.07-004','32.01.05-003'),(1964,'59','nan','32.01.07-004','32.01.05-004'),(1965,'50','nan','32.01.07-004','32.01.05-005'),(1966,'50','nan','32.01.07-004','32.01.05-006'),(1967,'53','nan','32.01.07-004','32.01.05-007'),(1968,'42','nan','32.01.07-004','32.01.05-008'),(1969,'73','nan','32.01.07-004','32.01.05-009'),(1970,'46','nan','32.01.07-004','32.01.05-010'),(1971,'93','nan','32.01.07-004','32.01.25-001'),(1972,'92','nan','32.01.07-004','32.01.25-002'),(1973,'106','nan','32.01.07-004','32.01.25-003'),(1974,'78','nan','32.01.07-004','32.01.25-004'),(1975,'78','nan','32.01.07-004','32.01.25-005'),(1976,'77','nan','32.01.07-004','32.01.25-006'),(1977,'76','nan','32.01.07-004','32.01.25-007'),(1978,'109','nan','32.01.07-004','32.01.25-008'),(1979,'92','nan','32.01.07-004','32.01.25-009'),(1980,'77','nan','32.01.07-004','32.01.25-010'),(1981,'35','nan','32.01.07-004','32.01.03-001'),(1982,'44','nan','32.01.07-004','32.01.01-001'),(1983,'51','nan','32.01.07-004','32.01.01-002'),(1984,'393','nan','32.01.07-004','32.01.01-003'),(1985,'45','nan','32.01.07-004','32.01.01-004'),(1986,'45','nan','32.01.07-004','32.01.01-005'),(1987,'47','nan','32.01.07-004','32.01.01-006'),(1988,'61','nan','32.01.07-004','32.01.01-007'),(1989,'59','nan','32.01.07-004','32.01.01-008'),(1990,'58','nan','32.01.07-004','32.01.01-009'),(1991,'22','nan','32.01.07-004','32.01.07-001'),(1992,'17','nan','32.01.07-004','32.01.07-002'),(1993,'35','nan','32.01.07-004','32.01.07-003'),(1994,'20','nan','32.01.07-004','32.01.07-005'),(1995,'17','nan','32.01.07-004','32.01.07-006'),(1996,'12','nan','32.01.07-004','32.01.07-007'),(1997,'5','nan','32.01.07-004','32.01.07-008'),(1998,'22','nan','32.01.07-004','32.01.07-009'),(1999,'35','nan','32.01.07-004','32.01.07-010'),(2000,'74','nan','32.01.07-004','32.01.26-001'),(2001,'102','nan','32.01.07-004','32.01.26-002'),(2002,'106','nan','32.01.07-004','32.01.26-003'),(2003,'76','nan','32.01.07-004','32.01.26-004'),(2004,'77','nan','32.01.07-004','32.01.26-005'),(2005,'75','nan','32.01.07-004','32.01.26-006'),(2006,'75','nan','32.01.07-004','32.01.26-007'),(2007,'75','nan','32.01.07-004','32.01.26-008'),(2008,'74','nan','32.01.07-004','32.01.26-009'),(2009,'73','nan','32.01.07-004','32.01.26-010'),(2010,'68','nan','32.01.07-003','32.01.05-001'),(2011,'73','nan','32.01.07-003','32.01.05-002'),(2012,'71','nan','32.01.07-003','32.01.05-003'),(2013,'87','nan','32.01.07-003','32.01.05-004'),(2014,'80','nan','32.01.07-003','32.01.05-005'),(2015,'81','nan','32.01.07-003','32.01.05-006'),(2016,'84','nan','32.01.07-003','32.01.05-007'),(2017,'72','nan','32.01.07-003','32.01.05-008'),(2018,'72','nan','32.01.07-003','32.01.05-009'),(2019,'75','nan','32.01.07-003','32.01.05-010'),(2020,'128','nan','32.01.07-003','32.01.25-001'),(2021,'128','nan','32.01.07-003','32.01.25-002'),(2022,'140','nan','32.01.07-003','32.01.25-003'),(2023,'111','nan','32.01.07-003','32.01.25-004'),(2024,'113','nan','32.01.07-003','32.01.25-005'),(2025,'110','nan','32.01.07-003','32.01.25-006'),(2026,'109','nan','32.01.07-003','32.01.25-007'),(2027,'126','nan','32.01.07-003','32.01.25-008'),(2028,'129','nan','32.01.07-003','32.01.25-009'),(2029,'111','nan','32.01.07-003','32.01.25-010'),(2030,'68','nan','32.01.07-003','32.01.03-001'),(2031,'77','nan','32.01.07-003','32.01.01-001'),(2032,'86','nan','32.01.07-003','32.01.01-002'),(2033,'61','nan','32.01.07-003','32.01.01-003'),(2034,'78','nan','32.01.07-003','32.01.01-004'),(2035,'78','nan','32.01.07-003','32.01.01-005'),(2036,'76','nan','32.01.07-003','32.01.01-006'),(2037,'88','nan','32.01.07-003','32.01.01-007'),(2038,'88','nan','32.01.07-003','32.01.01-008'),(2039,'85','nan','32.01.07-003','32.01.01-009'),(2040,'18','nan','32.01.07-003','32.01.07-001'),(2041,'21','nan','32.01.07-003','32.01.07-002'),(2042,'35','nan','32.01.07-003','32.01.07-004'),(2043,'18','nan','32.01.07-003','32.01.07-005'),(2044,'22','nan','32.01.07-003','32.01.07-006'),(2045,'42','nan','32.01.07-003','32.01.07-007'),(2046,'31','nan','32.01.07-003','32.01.07-008'),(2047,'18','nan','32.01.07-003','32.01.07-009'),(2048,'5','nan','32.01.07-003','32.01.07-010'),(2049,'98','nan','32.01.07-003','32.01.26-001'),(2050,'124','nan','32.01.07-003','32.01.26-002'),(2051,'128','nan','32.01.07-003','32.01.26-003'),(2052,'104','nan','32.01.07-003','32.01.26-004'),(2053,'104','nan','32.01.07-003','32.01.26-005'),(2054,'103','nan','32.01.07-003','32.01.26-006'),(2055,'101','nan','32.01.07-003','32.01.26-007'),(2056,'102','nan','32.01.07-003','32.01.26-008'),(2057,'101','nan','32.01.07-003','32.01.26-009'),(2058,'98','nan','32.01.07-003','32.01.26-010'),(2059,'55','nan','32.01.07-002','32.01.05-001'),(2060,'59','nan','32.01.07-002','32.01.05-002'),(2061,'54','nan','32.01.07-002','32.01.05-003'),(2062,'73','nan','32.01.07-002','32.01.05-004'),(2063,'64','nan','32.01.07-002','32.01.05-005'),(2064,'66','nan','32.01.07-002','32.01.05-006'),(2065,'68','nan','32.01.07-002','32.01.05-007'),(2066,'54','nan','32.01.07-002','32.01.05-008'),(2067,'58','nan','32.01.07-002','32.01.05-009'),(2068,'60','nan','32.01.07-002','32.01.05-010'),(2069,'113','nan','32.01.07-002','32.01.25-001'),(2070,'113','nan','32.01.07-002','32.01.25-002'),(2071,'125','nan','32.01.07-002','32.01.25-003'),(2072,'94','nan','32.01.07-002','32.01.25-004'),(2073,'94','nan','32.01.07-002','32.01.25-005'),(2074,'91','nan','32.01.07-002','32.01.25-006'),(2075,'89','nan','32.01.07-002','32.01.25-007'),(2076,'130','nan','32.01.07-002','32.01.25-008'),(2077,'112','nan','32.01.07-002','32.01.25-009'),(2078,'92','nan','32.01.07-002','32.01.25-010'),(2079,'47','nan','32.01.07-002','32.01.03-001'),(2080,'57','nan','32.01.07-002','32.01.01-001'),(2081,'63','nan','32.01.07-002','32.01.01-002'),(2082,'50','nan','32.01.07-002','32.01.01-003'),(2083,'55','nan','32.01.07-002','32.01.01-004'),(2084,'55','nan','32.01.07-002','32.01.01-005'),(2085,'58','nan','32.01.07-002','32.01.01-006'),(2086,'72','nan','32.01.07-002','32.01.01-007'),(2087,'71','nan','32.01.07-002','32.01.01-008'),(2088,'70','nan','32.01.07-002','32.01.01-009'),(2089,'10','nan','32.01.07-002','32.01.07-001'),(2090,'21','nan','32.01.07-002','32.01.07-003'),(2091,'16','nan','32.01.07-002','32.01.07-004'),(2092,'5','nan','32.01.07-002','32.01.07-005'),(2093,'1','nan','32.01.07-002','32.01.07-006'),(2094,'25','nan','32.01.07-002','32.01.07-007'),(2095,'19','nan','32.01.07-002','32.01.07-008'),(2096,'10','nan','32.01.07-002','32.01.07-009'),(2097,'22','nan','32.01.07-002','32.01.07-010'),(2098,'79','nan','32.01.07-002','32.01.26-001'),(2099,'105','nan','32.01.07-002','32.01.26-002'),(2100,'110','nan','32.01.07-002','32.01.26-003'),(2101,'84','nan','32.01.07-002','32.01.26-004'),(2102,'83','nan','32.01.07-002','32.01.26-005'),(2103,'81','nan','32.01.07-002','32.01.26-006'),(2104,'80','nan','32.01.07-002','32.01.26-007'),(2105,'79','nan','32.01.07-002','32.01.26-008'),(2106,'79','nan','32.01.07-002','32.01.26-009'),(2107,'79','nan','32.01.07-002','32.01.26-010'),(2108,'49','nan','32.01.07-001','32.01.05-001'),(2109,'56','nan','32.01.07-001','32.01.05-002'),(2110,'50','nan','32.01.07-001','32.01.05-003'),(2111,'84','nan','32.01.07-001','32.01.05-004'),(2112,'75','nan','32.01.07-001','32.01.05-005'),(2113,'77','nan','32.01.07-001','32.01.05-006'),(2114,'77','nan','32.01.07-001','32.01.05-007'),(2115,'65','nan','32.01.07-001','32.01.05-008'),(2116,'67','nan','32.01.07-001','32.01.05-009'),(2117,'71','nan','32.01.07-001','32.01.05-010'),(2118,'115','nan','32.01.07-001','32.01.25-001'),(2119,'116','nan','32.01.07-001','32.01.25-002'),(2120,'127','nan','32.01.07-001','32.01.25-003'),(2121,'96','nan','32.01.07-001','32.01.25-004'),(2122,'97','nan','32.01.07-001','32.01.25-005'),(2123,'93','nan','32.01.07-001','32.01.25-006'),(2124,'93','nan','32.01.07-001','32.01.25-007'),(2125,'133','nan','32.01.07-001','32.01.25-008'),(2126,'116','nan','32.01.07-001','32.01.25-009'),(2127,'96','nan','32.01.07-001','32.01.25-010'),(2128,'56','nan','32.01.07-001','32.01.03-001'),(2129,'64','nan','32.01.07-001','32.01.01-001'),(2130,'72','nan','32.01.07-001','32.01.01-002'),(2131,'59','nan','32.01.07-001','32.01.01-003'),(2132,'63','nan','32.01.07-001','32.01.01-004'),(2133,'63','nan','32.01.07-001','32.01.01-005'),(2134,'67','nan','32.01.07-001','32.01.01-006'),(2135,'81','nan','32.01.07-001','32.01.01-007'),(2136,'79','nan','32.01.07-001','32.01.01-008'),(2137,'77','nan','32.01.07-001','32.01.01-009'),(2138,'12','nan','32.01.07-001','32.01.07-002'),(2139,'19','nan','32.01.07-001','32.01.07-003'),(2140,'27','nan','32.01.07-001','32.01.07-004'),(2141,'9','nan','32.01.07-001','32.01.07-005'),(2142,'13','nan','32.01.07-001','32.01.07-006'),(2143,'33','nan','32.01.07-001','32.01.07-007'),(2144,'24','nan','32.01.07-001','32.01.07-008'),(2145,'26','nan','32.01.07-001','32.01.07-009'),(2146,'22','nan','32.01.07-001','32.01.07-010'),(2147,'58','nan','32.01.07-001','32.01.26-001'),(2148,'79','nan','32.01.07-001','32.01.26-002'),(2149,'84','nan','32.01.07-001','32.01.26-003'),(2150,'60','nan','32.01.07-001','32.01.26-004'),(2151,'61','nan','32.01.07-001','32.01.26-005'),(2152,'59','nan','32.01.07-001','32.01.26-006'),(2153,'58','nan','32.01.07-001','32.01.26-007'),(2154,'58','nan','32.01.07-001','32.01.26-008'),(2155,'57','nan','32.01.07-001','32.01.26-009'),(2156,'56','nan','32.01.07-001','32.01.26-010'),(2157,'22','nan','32.01.01-009','32.01.05-001'),(2158,'26','nan','32.01.01-009','32.01.05-002'),(2159,'23','nan','32.01.01-009','32.01.05-003'),(2160,'35','nan','32.01.01-009','32.01.05-004'),(2161,'28','nan','32.01.01-009','32.01.05-005'),(2162,'29','nan','32.01.01-009','32.01.05-006'),(2163,'32','nan','32.01.01-009','32.01.05-007'),(2164,'24','nan','32.01.01-009','32.01.05-008'),(2165,'24','nan','32.01.01-009','32.01.05-009'),(2166,'25','nan','32.01.01-009','32.01.05-010'),(2167,'73','nan','32.01.01-009','32.01.25-001'),(2168,'77','nan','32.01.01-009','32.01.25-002'),(2169,'101','nan','32.01.01-009','32.01.25-003'),(2170,'47','nan','32.01.01-009','32.01.25-004'),(2171,'52','nan','32.01.01-009','32.01.25-005'),(2172,'45','nan','32.01.01-009','32.01.25-006'),(2173,'44','nan','32.01.01-009','32.01.25-007'),(2174,'101','nan','32.01.01-009','32.01.25-008'),(2175,'74','nan','32.01.01-009','32.01.25-009'),(2176,'47','nan','32.01.01-009','32.01.25-010'),(2177,'15','nan','32.01.01-009','32.01.03-001'),(2178,'13','nan','32.01.01-009','32.01.01-001'),(2179,'15','nan','32.01.01-009','32.01.01-002'),(2180,'15','nan','32.01.01-009','32.01.01-003'),(2181,'14','nan','32.01.01-009','32.01.01-004'),(2182,'8','nan','32.01.01-009','32.01.01-005'),(2183,'11','nan','32.01.01-009','32.01.01-006'),(2184,'7','nan','32.01.01-009','32.01.01-007'),(2185,'6','nan','32.01.01-009','32.01.01-008'),(2186,'48','nan','32.01.01-009','32.01.07-001'),(2187,'49','nan','32.01.01-009','32.01.07-002'),(2188,'58','nan','32.01.01-009','32.01.07-003'),(2189,'41','nan','32.01.01-009','32.01.07-004'),(2190,'47','nan','32.01.01-009','32.01.07-005'),(2191,'49','nan','32.01.01-009','32.01.07-006'),(2192,'38','nan','32.01.01-009','32.01.07-007'),(2193,'43','nan','32.01.01-009','32.01.07-008'),(2194,'47','nan','32.01.01-009','32.01.07-009'),(2195,'58','nan','32.01.01-009','32.01.07-010'),(2196,'40','nan','32.01.01-009','32.01.26-001'),(2197,'60','nan','32.01.01-009','32.01.26-002'),(2198,'66','nan','32.01.01-009','32.01.26-003'),(2199,'43','nan','32.01.01-009','32.01.26-004'),(2200,'43','nan','32.01.01-009','32.01.26-005'),(2201,'40','nan','32.01.01-009','32.01.26-006'),(2202,'39','nan','32.01.01-009','32.01.26-007'),(2203,'25','nan','32.01.01-009','32.01.26-008'),(2204,'39','nan','32.01.01-009','32.01.26-009'),(2205,'39','nan','32.01.01-009','32.01.26-010'),(2206,'25','nan','32.01.01-008','32.01.05-001'),(2207,'29','nan','32.01.01-008','32.01.05-002'),(2208,'25','nan','32.01.01-008','32.01.05-003'),(2209,'37','nan','32.01.01-008','32.01.05-004'),(2210,'31','nan','32.01.01-008','32.01.05-005'),(2211,'33','nan','32.01.01-008','32.01.05-006'),(2212,'35','nan','32.01.01-008','32.01.05-007'),(2213,'25','nan','32.01.01-008','32.01.05-008'),(2214,'25','nan','32.01.01-008','32.01.05-009'),(2215,'28','nan','32.01.01-008','32.01.05-010'),(2216,'75','nan','32.01.01-008','32.01.25-001'),(2217,'77','nan','32.01.01-008','32.01.25-002'),(2218,'96','nan','32.01.01-008','32.01.25-003'),(2219,'50','nan','32.01.01-008','32.01.25-004'),(2220,'52','nan','32.01.01-008','32.01.25-005'),(2221,'49','nan','32.01.01-008','32.01.25-006'),(2222,'48','nan','32.01.01-008','32.01.25-007'),(2223,'108','nan','32.01.01-008','32.01.25-008'),(2224,'79','nan','32.01.01-008','32.01.25-009'),(2225,'50','nan','32.01.01-008','32.01.25-010'),(2226,'20','nan','32.01.01-008','32.01.03-001'),(2227,'17','nan','32.01.01-008','32.01.01-001'),(2228,'20','nan','32.01.01-008','32.01.01-002'),(2229,'18','nan','32.01.01-008','32.01.01-003'),(2230,'17','nan','32.01.01-008','32.01.01-004'),(2231,'12','nan','32.01.01-008','32.01.01-005'),(2232,'15','nan','32.01.01-008','32.01.01-006'),(2233,'5','nan','32.01.01-008','32.01.01-007'),(2234,'5','nan','32.01.01-008','32.01.01-009'),(2235,'54','nan','32.01.01-008','32.01.07-001'),(2236,'52','nan','32.01.01-008','32.01.07-002'),(2237,'61','nan','32.01.01-008','32.01.07-003'),(2238,'44','nan','32.01.01-008','32.01.07-004'),(2239,'51','nan','32.01.01-008','32.01.07-005'),(2240,'53','nan','32.01.01-008','32.01.07-006'),(2241,'42','nan','32.01.01-008','32.01.07-007'),(2242,'46','nan','32.01.01-008','32.01.07-008'),(2243,'53','nan','32.01.01-008','32.01.07-009'),(2244,'63','nan','32.01.01-008','32.01.07-010'),(2245,'44','nan','32.01.01-008','32.01.26-001'),(2246,'64','nan','32.01.01-008','32.01.26-002'),(2247,'70','nan','32.01.01-008','32.01.26-003'),(2248,'45','nan','32.01.01-008','32.01.26-004'),(2249,'45','nan','32.01.01-008','32.01.26-005'),(2250,'43','nan','32.01.01-008','32.01.26-006'),(2251,'44','nan','32.01.01-008','32.01.26-007'),(2252,'25','nan','32.01.01-008','32.01.26-008'),(2253,'44','nan','32.01.01-008','32.01.26-009'),(2254,'43','nan','32.01.01-008','32.01.26-010'),(2255,'21','nan','32.01.01-007','32.01.05-001'),(2256,'25','nan','32.01.01-007','32.01.05-002'),(2257,'21','nan','32.01.01-007','32.01.05-003'),(2258,'33','nan','32.01.01-007','32.01.05-004'),(2259,'27','nan','32.01.01-007','32.01.05-005'),(2260,'29','nan','32.01.01-007','32.01.05-006'),(2261,'31','nan','32.01.01-007','32.01.05-007'),(2262,'22','nan','32.01.01-007','32.01.05-008'),(2263,'22','nan','32.01.01-007','32.01.05-009'),(2264,'24','nan','32.01.01-007','32.01.05-010'),(2265,'54','nan','32.01.01-007','32.01.25-001'),(2266,'54','nan','32.01.01-007','32.01.25-002'),(2267,'64','nan','32.01.01-007','32.01.25-003'),(2268,'42','nan','32.01.01-007','32.01.25-004'),(2269,'42','nan','32.01.01-007','32.01.25-005'),(2270,'40','nan','32.01.01-007','32.01.25-006'),(2271,'39','nan','32.01.01-007','32.01.25-007'),(2272,'67','nan','32.01.01-007','32.01.25-008'),(2273,'54','nan','32.01.01-007','32.01.25-009'),(2274,'41','nan','32.01.01-007','32.01.25-010'),(2275,'18','nan','32.01.01-007','32.01.03-001'),(2276,'15','nan','32.01.01-007','32.01.01-001'),(2277,'19','nan','32.01.01-007','32.01.01-002'),(2278,'17','nan','32.01.01-007','32.01.01-003'),(2279,'14','nan','32.01.01-007','32.01.01-004'),(2280,'14','nan','32.01.01-007','32.01.01-005'),(2281,'12','nan','32.01.01-007','32.01.01-006'),(2282,'4','nan','32.01.01-007','32.01.01-008'),(2283,'5','nan','32.01.01-007','32.01.01-009'),(2284,'46','nan','32.01.01-007','32.01.07-001'),(2285,'47','nan','32.01.01-007','32.01.07-002'),(2286,'54','nan','32.01.01-007','32.01.07-003'),(2287,'43','nan','32.01.01-007','32.01.07-004'),(2288,'46','nan','32.01.01-007','32.01.07-005'),(2289,'48','nan','32.01.01-007','32.01.07-006'),(2290,'38','nan','32.01.01-007','32.01.07-007'),(2291,'42','nan','32.01.01-007','32.01.07-008'),(2292,'46','nan','32.01.01-007','32.01.07-009'),(2293,'56','nan','32.01.01-007','32.01.07-010'),(2294,'38','nan','32.01.01-007','32.01.26-001'),(2295,'60','nan','32.01.01-007','32.01.26-002'),(2296,'63','nan','32.01.01-007','32.01.26-003'),(2297,'39','nan','32.01.01-007','32.01.26-004'),(2298,'41','nan','32.01.01-007','32.01.26-005'),(2299,'39','nan','32.01.01-007','32.01.26-006'),(2300,'38','nan','32.01.01-007','32.01.26-007'),(2301,'38','nan','32.01.01-007','32.01.26-008'),(2302,'38','nan','32.01.01-007','32.01.26-009'),(2303,'37','nan','32.01.01-007','32.01.26-010'),(2304,'18','nan','32.01.01-006','32.01.05-001'),(2305,'22','nan','32.01.01-006','32.01.05-002'),(2306,'18','nan','32.01.01-006','32.01.05-003'),(2307,'30','nan','32.01.01-006','32.01.05-004'),(2308,'25','nan','32.01.01-006','32.01.05-005'),(2309,'26','nan','32.01.01-006','32.01.05-006'),(2310,'28','nan','32.01.01-006','32.01.05-007'),(2311,'18','nan','32.01.01-006','32.01.05-008'),(2312,'21','nan','32.01.01-006','32.01.05-009'),(2313,'21','nan','32.01.01-006','32.01.05-010'),(2314,'51','nan','32.01.01-006','32.01.25-001'),(2315,'51','nan','32.01.01-006','32.01.25-002'),(2316,'62','nan','32.01.01-006','32.01.25-003'),(2317,'37','nan','32.01.01-006','32.01.25-004'),(2318,'38','nan','32.01.01-006','32.01.25-005'),(2319,'36','nan','32.01.01-006','32.01.25-006'),(2320,'35','nan','32.01.01-006','32.01.25-007'),(2321,'65','nan','32.01.01-006','32.01.25-008'),(2322,'51','nan','32.01.01-006','32.01.25-009'),(2323,'37','nan','32.01.01-006','32.01.25-010'),(2324,'9','nan','32.01.01-006','32.01.03-001'),(2325,'10','nan','32.01.01-006','32.01.01-001'),(2326,'14','nan','32.01.01-006','32.01.01-002'),(2327,'8','nan','32.01.01-006','32.01.01-003'),(2328,'5','nan','32.01.01-006','32.01.01-004'),(2329,'4','nan','32.01.01-006','32.01.01-005'),(2330,'11','nan','32.01.01-006','32.01.01-007'),(2331,'10','nan','32.01.01-006','32.01.01-008'),(2332,'8','nan','32.01.01-006','32.01.01-009'),(2333,'39','nan','32.01.01-006','32.01.07-001'),(2334,'40','nan','32.01.01-006','32.01.07-002'),(2335,'47','nan','32.01.01-006','32.01.07-003'),(2336,'34','nan','32.01.01-006','32.01.07-004'),(2337,'38','nan','32.01.01-006','32.01.07-005'),(2338,'40','nan','32.01.01-006','32.01.07-006'),(2339,'30','nan','32.01.01-006','32.01.07-007'),(2340,'34','nan','32.01.01-006','32.01.07-008'),(2341,'39','nan','32.01.01-006','32.01.07-009'),(2342,'49','nan','32.01.01-006','32.01.07-010'),(2343,'32','nan','32.01.01-006','32.01.26-001'),(2344,'52','nan','32.01.01-006','32.01.26-002'),(2345,'59','nan','32.01.01-006','32.01.26-003'),(2346,'34','nan','32.01.01-006','32.01.26-004'),(2347,'35','nan','32.01.01-006','32.01.26-005'),(2348,'33','nan','32.01.01-006','32.01.26-006'),(2349,'32','nan','32.01.01-006','32.01.26-007'),(2350,'23','nan','32.01.01-006','32.01.26-008'),(2351,'32','nan','32.01.01-006','32.01.26-009'),(2352,'32','nan','32.01.01-006','32.01.26-010'),(2353,'19','nan','32.01.01-005','32.01.05-001'),(2354,'22','nan','32.01.01-005','32.01.05-002'),(2355,'18','nan','32.01.01-005','32.01.05-003'),(2356,'30','nan','32.01.01-005','32.01.05-004'),(2357,'25','nan','32.01.01-005','32.01.05-005'),(2358,'26','nan','32.01.01-005','32.01.05-006'),(2359,'28','nan','32.01.01-005','32.01.05-007'),(2360,'18','nan','32.01.01-005','32.01.05-008'),(2361,'19','nan','32.01.01-005','32.01.05-009'),(2362,'21','nan','32.01.01-005','32.01.05-010'),(2363,'53','nan','32.01.01-005','32.01.25-001'),(2364,'52','nan','32.01.01-005','32.01.25-002'),(2365,'62','nan','32.01.01-005','32.01.25-003'),(2366,'38','nan','32.01.01-005','32.01.25-004'),(2367,'39','nan','32.01.01-005','32.01.25-005'),(2368,'37','nan','32.01.01-005','32.01.25-006'),(2369,'36','nan','32.01.01-005','32.01.25-007'),(2370,'65','nan','32.01.01-005','32.01.25-008'),(2371,'52','nan','32.01.01-005','32.01.25-009'),(2372,'38','nan','32.01.01-005','32.01.25-010'),(2373,'11','nan','32.01.01-005','32.01.03-001'),(2374,'10','nan','32.01.01-005','32.01.01-001'),(2375,'13','nan','32.01.01-005','32.01.01-002'),(2376,'9','nan','32.01.01-005','32.01.01-003'),(2377,'7','nan','32.01.01-005','32.01.01-004'),(2378,'4','nan','32.01.01-005','32.01.01-006'),(2379,'10','nan','32.01.01-005','32.01.01-007'),(2380,'10','nan','32.01.01-005','32.01.01-008'),(2381,'8','nan','32.01.01-005','32.01.01-009'),(2382,'42','nan','32.01.01-005','32.01.07-001'),(2383,'42','nan','32.01.01-005','32.01.07-002'),(2384,'50','nan','32.01.01-005','32.01.07-003'),(2385,'36','nan','32.01.01-005','32.01.07-004'),(2386,'40','nan','32.01.01-005','32.01.07-005'),(2387,'42','nan','32.01.01-005','32.01.07-006'),(2388,'31','nan','32.01.01-005','32.01.07-007'),(2389,'36','nan','32.01.01-005','32.01.07-008'),(2390,'40','nan','32.01.01-005','32.01.07-009'),(2391,'51','nan','32.01.01-005','32.01.07-010'),(2392,'33','nan','32.01.01-005','32.01.26-001'),(2393,'53','nan','32.01.01-005','32.01.26-002'),(2394,'60','nan','32.01.01-005','32.01.26-003'),(2395,'36','nan','32.01.01-005','32.01.26-004'),(2396,'37','nan','32.01.01-005','32.01.26-005'),(2397,'35','nan','32.01.01-005','32.01.26-006'),(2398,'34','nan','32.01.01-005','32.01.26-007'),(2399,'23','nan','32.01.01-005','32.01.26-008'),(2400,'34','nan','32.01.01-005','32.01.26-009'),(2401,'34','nan','32.01.01-005','32.01.26-010'),(2402,'21','nan','32.01.01-004','32.01.05-001'),(2403,'25','nan','32.01.01-004','32.01.05-002'),(2404,'21','nan','32.01.01-004','32.01.05-003'),(2405,'32','nan','32.01.01-004','32.01.05-004'),(2406,'27','nan','32.01.01-004','32.01.05-005'),(2407,'29','nan','32.01.01-004','32.01.05-006'),(2408,'31','nan','32.01.01-004','32.01.05-007'),(2409,'21','nan','32.01.01-004','32.01.05-008'),(2410,'22','nan','32.01.01-004','32.01.05-009'),(2411,'23','nan','32.01.01-004','32.01.05-010'),(2412,'58','nan','32.01.01-004','32.01.25-001'),(2413,'57','nan','32.01.01-004','32.01.25-002'),(2414,'68','nan','32.01.01-004','32.01.25-003'),(2415,'44','nan','32.01.01-004','32.01.25-004'),(2416,'44','nan','32.01.01-004','32.01.25-005'),(2417,'40','nan','32.01.01-004','32.01.25-006'),(2418,'40','nan','32.01.01-004','32.01.25-007'),(2419,'70','nan','32.01.01-004','32.01.25-008'),(2420,'57','nan','32.01.01-004','32.01.25-009'),(2421,'42','nan','32.01.01-004','32.01.25-010'),(2422,'10','nan','32.01.01-004','32.01.03-001'),(2423,'11','nan','32.01.01-004','32.01.01-001'),(2424,'15','nan','32.01.01-004','32.01.01-002'),(2425,'8','nan','32.01.01-004','32.01.01-003'),(2426,'5','nan','32.01.01-004','32.01.01-005'),(2427,'3','nan','32.01.01-004','32.01.01-006'),(2428,'12','nan','32.01.01-004','32.01.01-007'),(2429,'12','nan','32.01.01-004','32.01.01-008'),(2430,'10','nan','32.01.01-004','32.01.01-009'),(2431,'42','nan','32.01.01-004','32.01.07-001'),(2432,'41','nan','32.01.01-004','32.01.07-002'),(2433,'50','nan','32.01.01-004','32.01.07-003'),(2434,'34','nan','32.01.01-004','32.01.07-004'),(2435,'40','nan','32.01.01-004','32.01.07-005'),(2436,'42','nan','32.01.01-004','32.01.07-006'),(2437,'31','nan','32.01.01-004','32.01.07-007'),(2438,'36','nan','32.01.01-004','32.01.07-008'),(2439,'41','nan','32.01.01-004','32.01.07-009'),(2440,'52','nan','32.01.01-004','32.01.07-010'),(2441,'36','nan','32.01.01-004','32.01.26-001'),(2442,'57','nan','32.01.01-004','32.01.26-002'),(2443,'63','nan','32.01.01-004','32.01.26-003'),(2444,'38','nan','32.01.01-004','32.01.26-004'),(2445,'38','nan','32.01.01-004','32.01.26-005'),(2446,'37','nan','32.01.01-004','32.01.26-006'),(2447,'36','nan','32.01.01-004','32.01.26-007'),(2448,'26','nan','32.01.01-004','32.01.26-008'),(2449,'36','nan','32.01.01-004','32.01.26-009'),(2450,'53','nan','32.01.01-004','32.01.26-010');
/*!40000 ALTER TABLE `jarakobyek` ENABLE KEYS */;
UNLOCK TABLES;

--
-- Table structure for table `kabupaten`
--

DROP TABLE IF EXISTS `kabupaten`;
/*!40101 SET @saved_cs_client     = @@character_set_client */;
/*!50503 SET character_set_client = utf8mb4 */;
CREATE TABLE `kabupaten` (
  `kabupatenKODE` varchar(5) NOT NULL,
  `kabupatenKET` longtext,
  `kabupatenALAMAT` varchar(255) DEFAULT NULL,
  `kabupatenFOTOICON` varchar(255) DEFAULT NULL,
  `kabupatenFOTOICONKET` longtext,
  `datecreated` date DEFAULT NULL,
  `dateupdated` date DEFAULT NULL,
  `provinsiKODE` varchar(2) DEFAULT NULL,
  `usercreated` varchar(3) DEFAULT NULL,
  `userupdated` varchar(3) DEFAULT NULL,
  `kabupatenNAMA` varchar(60) DEFAULT NULL,
  PRIMARY KEY (`kabupatenKODE`),
  KEY `kabupaten_provinsiKODE_0b5cb0ed_fk_provinsi_provinsiKODE` (`provinsiKODE`),
  KEY `kabupaten_usercreated_bf9518f6_fk_pengelola_pengelolaKODE` (`usercreated`),
  KEY `kabupaten_userupdated_4c4b0fa5_fk_pengelola_pengelolaKODE` (`userupdated`),
  CONSTRAINT `kabupaten_provinsiKODE_0b5cb0ed_fk_provinsi_provinsiKODE` FOREIGN KEY (`provinsiKODE`) REFERENCES `provinsi` (`provinsiKODE`),
  CONSTRAINT `kabupaten_usercreated_bf9518f6_fk_pengelola_pengelolaKODE` FOREIGN KEY (`usercreated`) REFERENCES `pengelola` (`pengelolaKODE`),
  CONSTRAINT `kabupaten_userupdated_4c4b0fa5_fk_pengelola_pengelolaKODE` FOREIGN KEY (`userupdated`) REFERENCES `pengelola` (`pengelolaKODE`)
) ENGINE=InnoDB DEFAULT CHARSET=utf8mb4 COLLATE=utf8mb4_0900_ai_ci;
/*!40101 SET character_set_client = @saved_cs_client */;

--
-- Dumping data for table `kabupaten`
--

LOCK TABLES `kabupaten` WRITE;
/*!40000 ALTER TABLE `kabupaten` DISABLE KEYS */;
INSERT INTO `kabupaten` VALUES ('31.01','Dikenal dengan julukan Kota Hujan, wilayah ini merupakan penyangga utama Jakarta. Kabupaten Bogor terkenal dengan kawasan Puncak, sebuah destinasi wisata pegunungan yang sejuk dengan hamparan kebun teh, vila, serta Taman Safari Indonesia.','Jl. Tegar Beriman, Tengah, Kec. Cibinong, Kabupaten Bogor, Jawa Barat 16914','31.01_Kantor_Bupati_Bogor.jpg','Kantor Bupati Kabupaten Bogor',NULL,'2025-09-19','32',NULL,'D01','Bogor'),('32.02','Kabupaten ini memiliki bentang alam yang sangat lengkap, dari pegunungan hingga pesisir Samudra Hindia. ','Jl. Siliwangi Palabuhanratu No.10, Pelabuhanratu, Kec. Pelabuhanratu, Kabupaten Sukabumi, Jawa Barat 43364','32.02_Kantor_Bupati_Sukabumi.jpg','Kantor Bupati Kabupaten Sukabumi','2025-09-19','2025-09-19','32','D01','D01','Sukabumi'),('32.03','Cianjur identik sebagai lumbung padi berkualitas tinggi, terutama dengan Beras Pandanwangi yang aromatik dan pulen. ','Jl. KH Abdullah Bin Nuh, Pamoyanan, Kec. Cianjur, Kabupaten Cianjur, Jawa Barat 43211','32.03_Kantor_Bupati_Cianjur.jpg','Kantor Bupati Kabupaten Cianjur','2025-09-19',NULL,'32','D01',NULL,'Cianjur'),('32.04','Mengelilingi Kota Bandung, kabupaten ini adalah surga wisata alam di dataran tinggi Parahyangan. ','Jl. Raya Soreang No.17, Pamekaran, Kec. Soreang, Kabupaten Bandung, Jawa Barat 40912','32.04_Kantor_Bupati_Bandung.jpg','Kantor Bupati Kabupaten Bandung','2025-09-19',NULL,'32','D01',NULL,'Bandung'),('32.05','Dengan julukan \"Swiss van Java\", Garut mempesona dengan pemandangan pegunungan yang indah','Jl. Pembangunan No.185, Sukagalih, Kec. Tarogong Kidul, Kabupaten Garut, Jawa Barat 44151','32.05_Kantor_Bupati_Garut.JPG','Kantor Bupati Kabupaten Garut','2025-09-19',NULL,'32','D01',NULL,'Garut');
/*!40000 ALTER TABLE `kabupaten` ENABLE KEYS */;
UNLOCK TABLES;

--
-- Table structure for table `kategoriberita`
--

DROP TABLE IF EXISTS `kategoriberita`;
/*!40101 SET @saved_cs_client     = @@character_set_client */;
/*!50503 SET character_set_client = utf8mb4 */;
CREATE TABLE `kategoriberita` (
  `kategoriberitaKODE` varchar(4) NOT NULL,
  `kategoriberitaNAMA` varchar(60) NOT NULL,
  `kategoriberitaKET` varchar(255) DEFAULT NULL,
  PRIMARY KEY (`kategoriberitaKODE`)
) ENGINE=InnoDB DEFAULT CHARSET=utf8mb4 COLLATE=utf8mb4_0900_ai_ci;
/*!40101 SET character_set_client = @saved_cs_client */;

--
-- Dumping data for table `kategoriberita`
--

LOCK TABLES `kategoriberita` WRITE;
/*!40000 ALTER TABLE `kategoriberita` DISABLE KEYS */;
INSERT INTO `kategoriberita` VALUES ('KB01','Tourism News','Merupakan kategori berita yang berhubungan dengan informasi kegiatan atau lainnya yang berada di obyek wisata'),('KB02','Activity News','Merupakan kategori berita yang berhubungan dengan event atau kejadian atau kegiatan yang berlangsung tetapi tidak dilakukan berhubungan dengan obyek wisata'),('KB03','Public News','Suatu berita yang bersifat umum dan dapat merupakan berita harian yang terjadi.');
/*!40000 ALTER TABLE `kategoriberita` ENABLE KEYS */;
UNLOCK TABLES;

--
-- Table structure for table `kategoriwisata`
--

DROP TABLE IF EXISTS `kategoriwisata`;
/*!40101 SET @saved_cs_client     = @@character_set_client */;
/*!50503 SET character_set_client = utf8mb4 */;
CREATE TABLE `kategoriwisata` (
  `kategoriwisataKODE` varchar(4) NOT NULL,
  `kategoriwisataNAMA` varchar(60) NOT NULL,
  `kategoriwisataKET` longtext,
  `kategoriREFERENCE` varchar(255) DEFAULT NULL,
  PRIMARY KEY (`kategoriwisataKODE`)
) ENGINE=InnoDB DEFAULT CHARSET=utf8mb4 COLLATE=utf8mb4_0900_ai_ci;
/*!40101 SET character_set_client = @saved_cs_client */;

--
-- Dumping data for table `kategoriwisata`
--

LOCK TABLES `kategoriwisata` WRITE;
/*!40000 ALTER TABLE `kategoriwisata` DISABLE KEYS */;
INSERT INTO `kategoriwisata` VALUES ('KW01','Rekreasi','',''),('KW02','Penginapan','',''),('KW03','Kuliner','','');
/*!40000 ALTER TABLE `kategoriwisata` ENABLE KEYS */;
UNLOCK TABLES;

--
-- Table structure for table `kecamatan`
--

DROP TABLE IF EXISTS `kecamatan`;
/*!40101 SET @saved_cs_client     = @@character_set_client */;
/*!50503 SET character_set_client = utf8mb4 */;
CREATE TABLE `kecamatan` (
  `kecamatanKODE` varchar(8) NOT NULL,
  `kecamatanNAMA` varchar(30) NOT NULL,
  `kecamatanALAMAT` varchar(255) DEFAULT NULL,
  `kecamatanKET` longtext,
  `datecreated` date DEFAULT NULL,
  `dateupdated` date DEFAULT NULL,
  `kabupatenKODE` varchar(5) DEFAULT NULL,
  `usercreated` varchar(3) DEFAULT NULL,
  `userupdated` varchar(3) DEFAULT NULL,
  PRIMARY KEY (`kecamatanKODE`),
  KEY `kecamatan_kabupatenKODE_64dbabef_fk_kabupaten_kabupatenKODE` (`kabupatenKODE`),
  KEY `kecamatan_usercreated_8c6f6bbc_fk_pengelola_pengelolaKODE` (`usercreated`),
  KEY `kecamatan_userupdated_ed852847_fk_pengelola_pengelolaKODE` (`userupdated`),
  CONSTRAINT `kecamatan_kabupatenKODE_64dbabef_fk_kabupaten_kabupatenKODE` FOREIGN KEY (`kabupatenKODE`) REFERENCES `kabupaten` (`kabupatenKODE`),
  CONSTRAINT `kecamatan_usercreated_8c6f6bbc_fk_pengelola_pengelolaKODE` FOREIGN KEY (`usercreated`) REFERENCES `pengelola` (`pengelolaKODE`),
  CONSTRAINT `kecamatan_userupdated_ed852847_fk_pengelola_pengelolaKODE` FOREIGN KEY (`userupdated`) REFERENCES `pengelola` (`pengelolaKODE`)
) ENGINE=InnoDB DEFAULT CHARSET=utf8mb4 COLLATE=utf8mb4_0900_ai_ci;
/*!40101 SET character_set_client = @saved_cs_client */;

--
-- Dumping data for table `kecamatan`
--

LOCK TABLES `kecamatan` WRITE;
/*!40000 ALTER TABLE `kecamatan` DISABLE KEYS */;
INSERT INTO `kecamatan` VALUES ('32.01.01','Cibinong','Jl. Kayu Manis No.30, Cirimekar, Kec. Cibinong, Kabupaten Bogor, Jawa Barat 16917','Cibinong adalah Pusat Pemerintahan dan ibu kota dari Kabupaten Bogor. Wilayah ini merupakan pusat administrasi, bisnis, dan layanan publik.','2025-09-19',NULL,'31.01','D01',NULL),('32.01.05','Babakan Madang','Jl. Babakan Madang No.4, Babakan Madang, Kec. Babakan Madang, Kabupaten Bogor, Jawa Barat 16810','Babakan Madang merupakan pusat kegiatan MICE (Meetings, Incentives, Conferences, and Exhibitions)','2025-09-19',NULL,'31.01','D01',NULL),('32.01.07','Cileungsi','Jl. Gandaria Utara No.01 Perum. Metland Transyogi','Terletak di bagian timur Bogor, Cileungsi dikenal sebagai kawasan industri dan manufaktur yang padat dengan banyak pabrik besar.','2025-09-19',NULL,'31.01','D01',NULL),('32.01.25','Cisarua','Jl. Terusan No.10, Jambudipa, Kec. Cisarua, Kabupaten Bandung Barat, Jawa Barat 40525',' Cisarua seringkali menjadi pusat kepadatan lalu lintas saat musim liburan.','2025-09-19',NULL,'31.01','D01',NULL),('32.01.26','Megamendung','Jl.Letnan. Suryanta No. 9, Sukamahi, Megamendung, Jl. Cikopo Sel., Sukamaju, Kec. Megamendung, Kabupaten Bogor, Jawa Barat 16770','Kecamatan ini dikenal dengan suasananya yang sejuk dan pemandangan alamnya, serta menjadi lokasi bagi banyak vila, resor, dan pusat pendidikan dan pelatihan (pusdiklat) milik pemerintah maupun swasta.','2025-09-19',NULL,'31.01','D01',NULL);
/*!40000 ALTER TABLE `kecamatan` ENABLE KEYS */;
UNLOCK TABLES;

--
-- Table structure for table `kegiatan`
--

DROP TABLE IF EXISTS `kegiatan`;
/*!40101 SET @saved_cs_client     = @@character_set_client */;
/*!50503 SET character_set_client = utf8mb4 */;
CREATE TABLE `kegiatan` (
  `eventKODE` varchar(10) NOT NULL,
  `eventNAMA` varchar(255) NOT NULL,
  `eventKET` longtext,
  `eventMULAI` date DEFAULT NULL,
  `eventSELESAI` date DEFAULT NULL,
  `eventPOSTER` varchar(120) DEFAULT NULL,
  `eventSUMBER` varchar(120) DEFAULT NULL,
  `datecreated` date DEFAULT NULL,
  `dateupdated` date DEFAULT NULL,
  `kabupatenKODE` varchar(5) DEFAULT NULL,
  `usercreated` varchar(3) DEFAULT NULL,
  `userupdated` varchar(3) DEFAULT NULL,
  PRIMARY KEY (`eventKODE`),
  KEY `kegiatan_kabupatenKODE_dfc6851c_fk_kabupaten_kabupatenKODE` (`kabupatenKODE`),
  KEY `kegiatan_usercreated_3eb47090_fk_pengelola_pengelolaKODE` (`usercreated`),
  KEY `kegiatan_userupdated_ad5c9522_fk_pengelola_pengelolaKODE` (`userupdated`),
  CONSTRAINT `kegiatan_kabupatenKODE_dfc6851c_fk_kabupaten_kabupatenKODE` FOREIGN KEY (`kabupatenKODE`) REFERENCES `kabupaten` (`kabupatenKODE`),
  CONSTRAINT `kegiatan_usercreated_3eb47090_fk_pengelola_pengelolaKODE` FOREIGN KEY (`usercreated`) REFERENCES `pengelola` (`pengelolaKODE`),
  CONSTRAINT `kegiatan_userupdated_ad5c9522_fk_pengelola_pengelolaKODE` FOREIGN KEY (`userupdated`) REFERENCES `pengelola` (`pengelolaKODE`)
) ENGINE=InnoDB DEFAULT CHARSET=utf8mb4 COLLATE=utf8mb4_0900_ai_ci;
/*!40101 SET character_set_client = @saved_cs_client */;

--
-- Dumping data for table `kegiatan`
--

LOCK TABLES `kegiatan` WRITE;
/*!40000 ALTER TABLE `kegiatan` DISABLE KEYS */;
INSERT INTO `kegiatan` VALUES ('E000000001','Cars Meet Out - AEON Mall Sentul City','“Cars Meet Out” menjadi ajang berkumpulnya para penggemar otomotif untuk saling berbagi inspirasi, mempererat silaturahmi, serta menampilkan beragam kendaraan dari berbagai merek dan modifikasi. Suasana penuh semangat dan kebersamaan menghiasi sepanjang acara, yang juga dimeriahkan dengan berbagai kegiatan menarik seperti photo & go, talkshow otomotif, dan sesi hiburan yang banyak membagikan voucher perawatan mobil.','2025-04-26','2025-04-26','E000000001_Cars Meet Out.jpg','https://www.myvalue.id/article/cars-meet-out-2025-sukses-digelar-di-aeon-mall-sentul-city/','2025-09-26',NULL,'31.01','D01',NULL),('E000000002','Festival Melonial Indonesia 2019 - Taman Buah Mekarsari','“Festival Melonial Indonesia” ini akan berlangsung selama 9 hari dengan berbagai macam kegiatan yang akan memanjakan pengunjung Taman Buah Mekarsari yang berlibur. Salah satunya yaitu Melonial Tour, yang akan mengajak pengunjung untuk berwisata dan berkeliling menggunakan kereta wisata mengunjungi langsung kebun buah Melon dan juga mengeksplorasi kebun buah yang sedang panen dimana dengan mengikuti tour ini dapat juga mencicipi buah Melon, menikmati fresh juice, dan mendapatkan edukasi dari aneka buah langka – unik koleksi Taman Buah Mekarsari.','2019-04-06','2019-04-14','E000000002_Festival Melonial Indonesia 2019.png','https://mekarsari.com/web/berita-event/festival-melonial-indonesia-di-taman-buah-mekarsari/','2025-09-26',NULL,'31.01','D01',NULL),('E000000003','Lulabi Beauty Class - Metropolitan Mall Cileungsi','Make Up Class & Mirror Clay Creation','2025-09-28','2025-09-28','E000000003_Lulabi Beauty Class.jpeg','https://metmallcileungsi.com/index.php?r=eventPromotion/event&id=399','2025-09-26',NULL,'31.01','D01',NULL),('E000000004','HUT RI ke-80 - Hotel Purnama','Hotel Purnama, sebuah hotel bintang empat di Kota Batu, turut memeriahkan HUT ke-80 Kemerdekaan RI dengan menggelar beragam lomba internal bagi karyawan serta lomba renang eksternal untuk anak-anak. Seluruh karyawan dari tujuh divisi ikut berpartisipasi dalam perlombaan yang berlangsung di Hall Nawangsasi, mulai dari nail art, face painting, memasak, art towel, art napkin, minuman kreasi, art curving, merangkai bunga, balon twist, hingga video dan fotografi, dengan suasana semakin meriah berkat dukungan para suporter dari tiap divisi. Lomba face painting menjadi salah satu yang paling menarik perhatian dengan berbagai tema seperti binatang dan topeng, sementara lomba art towel menampilkan karya kreatif berupa handuk berbentuk angsa berhadapan yang biasanya diberikan untuk kamar pengantin. Menurut Direktur Hotel Purnama, Willy Suhartanto, kegiatan tahun ini dibuat berbeda dari sebelumnya sebagai bentuk kontribusi rutin hotel dalam merayakan kemerdekaan. Selain itu, Fun Swim Competition bertajuk Purnama Cup 3 yang diadakan pada Sabtu (9/8/2025) di kolam renang hotel juga berlangsung semarak dengan diikuti 185 anak dari berbagai kelompok usia, mulai dari kelahiran 2013 hingga 2019 ke atas.','2025-08-08','2025-08-09','E000000004_HUT RI ke-80.webp','https://www.kliktimes.com/news/72915703866/rayakan-kemerdekaan-hotel-purnama-gelar-lomba-unik-untuk-karyawan-dan-anak-an','2025-09-26',NULL,'31.01','D01',NULL),('E000000005','Mom, Mats, & Minis! - The Lake House','Join SD Mom Walks and Lakehouse Resort for a special Mommy & Me Wellness Event on the lakefront! This fun and energizing morning will feature a family-friendly workout led by Club Pilates, designed to incorporate your little ones into the movement. Finish off the day strong with a Pool Day Pass (add-on) to soak up the sun and make a splash after a great workout! ','2025-10-08','2025-10-08','E000000005_Mom, Mats, & Minis!.jpg','https://www.thelakehouseresort.com/things-to-do-san-marcos/event-calendar','2025-09-26',NULL,'31.01','D01',NULL),('E000000006','Lominous Journey - Taman Safari Indonesia Bogor','Sederhananya, di Luminous Safari Journey ini pengunjung akan dimanjakan oleh pancaran cahaya yang menghiasi di tiga area yaitu Enchanted Forest (Bomboman), Tunnel (Shelter A), dan Taj Mahal visual maping (Baby Zoo).\r\n\r\nKetiga area tersebut dihias dengan pancaran cahaya berupa teknologi digital lampu visual. Area yang sangat menarik dan tak boleh untuk dilewatkan adalah visual maping projection on Taj Mahal. Pada area tersebut, pengunjung akan dibuat terpukau oleh show lighting yang memanfaatkan bentuk bangunan sebagai kanvas.\r\n\r\nPengunjung bisa menikmati pertunjukan lampu berteknologi tersebut dengan dilengkapi sebuah sinopsis tentang harimau putih yang berusaha mempertahankan habitatnya di alam bebas. Sebelum kesitu, pengunjung akan dipandu berkeliling area Taman Safari Bogor menggunakan kereta wisata untuk menikmati Safari Night melihat koleksi satwa yang menarik. Selepas itu pengunjung akan diarahkan untuk memasuki area Luminous Safari Journey dengan berjalan kaki.','2023-12-23','2023-12-31','E000000006_Lominous Journey.jpg','https://tamansafari.com/parade-hutan-menyala-luminous-journey-di-taman-safari-bogor/','2025-09-27',NULL,'31.01','D01',NULL),('E000000007','World Elephant Day 2025 - Taman Safari Indonesia Bogor','Pada World Elephant Day 2025, area Rainforest di Taman Safari Bogor diubah menjadi pusat pembelajaran interaktif. Acara ini dirancang sebagai petualangan edukatif yang menarik, memberi pengunjung kesempatan untuk menyelami dan menghargai dunia gajah—menggambarkan gajah sebagai makhluk raksasa tetapi lembut.','2025-08-12','2025-08-12','E000000007_World Elephant Day 2025.jpg','https://tamansafari.com/taman-safari-bogor/world-elephant-day-2025-menyelami-dunia-raksasa-lembut-indonesia-dalam-petual','2025-09-27',NULL,'31.01','D01',NULL),('E000000008','World Dolphin Day - Taman Safari Indonesia Bogor','Acara ini dirancang sebagai program edukasi interaktif yang menarik perhatian ribuan pengunjung, dengan tujuan meningkatkan kesadaran tentang dunia lumba-lumba dan perlindungan mereka di alam. Beberapa aktivitas yang dihadirkan antara lain Keeper Talk — sesi langsung dengan penjaga satwa yang memberikan wawasan tentang perilaku, habitat, dan tantangan pelestarian lumba-lumba. Melalui acara ini, Taman Safari Bogor berharap pengunjung tidak hanya terhibur, tetapi juga mendapatkan pemahaman lebih mendalam tentang konservasi laut dan peran penting manusia dalam menjaga kehidupan satwa laut.','2025-09-13','2025-09-14','E000000008_World Dolphin Day.jpg','https://tamansafari.com/taman-safari-bogor/world-dolphin-day-2025-di-taman-safari-bogor-sukses-mengedukasi-ribuan-pengun','2025-09-27',NULL,'31.01','D01',NULL),('E000000009','The Picture of Secret Nature - Taman Safari Indonesia Bogor','Taman Safari Bogor menjadi salah satu lokasi roadshow International Animal Photo & Video Competition (IAPVC) 2025 bertema “The Picture of Secret Nature”. Acara ini menghadirkan kompetisi fotografi dan videografi satwa, pameran foto, workshop bersama juri profesional, serta talkshow tentang konservasi dan seni mengabadikan alam. Pengunjung juga dapat mengikuti kategori khusus Roadshow Photo Competition yang hanya tersedia di lokasi. IAPVC 2025 menawarkan berbagai kategori lomba, mulai dari satwa endemik Indonesia, wildlife, remaja, hingga social media foto dan video. Hadiah utama berupa mobil listrik diberikan sebagai simbol komitmen pada gaya hidup ramah lingkungan. Melalui kegiatan ini, Taman Safari Bogor mengajak masyarakat untuk lebih mengenal rahasia alam dan meningkatkan kepedulian terhadap konservasi melalui karya visual.','2025-07-19','2025-07-19','E000000009_The Picture of Secret Nature.jpg','https://tamansafari.com/taman-safari-bogor/menjelajahi-the-picture-of-secret-nature-roadshow-iapvc-2025-ditaman-safari-b','2025-09-27',NULL,'31.01','D01',NULL),('E000000010','Petik Pumpkin - Taman Buah Mekarsari','Pada akhir pekan 26–27 Oktober 2024, Mekarsari menggelar event spesial untuk merayakan Halloween. Dalam rangka acara tersebut, pengunjung yang menjadi 100 orang pertama di jalur Garden Drive Thru mendapatkan kesempatan mengikuti atraksi petik pumpkin (memanen labu) dan juga petik melon. Selain itu, pengunjung yang membeli tiket kelas Reguler B & C dapat mengikuti aktivitas petik belimbing.','2024-10-26','2024-10-27','E000000010_Petik Pumpkin.jpeg','https://mekarsari.com/web/berita-event/petik-pumpkin-pada-halloween-2024/','2025-09-27',NULL,'31.01','D01',NULL);
/*!40000 ALTER TABLE `kegiatan` ENABLE KEYS */;
UNLOCK TABLES;

--
-- Table structure for table `obyekwisata`
--

DROP TABLE IF EXISTS `obyekwisata`;
/*!40101 SET @saved_cs_client     = @@character_set_client */;
/*!50503 SET character_set_client = utf8mb4 */;
CREATE TABLE `obyekwisata` (
  `obyekKODE` varchar(12) NOT NULL,
  `obyekNAMA` varchar(120) NOT NULL,
  `obyekALAMAT` varchar(255) DEFAULT NULL,
  `obyekDERAJAT_S` int DEFAULT NULL,
  `obyekMENIT_S` int DEFAULT NULL,
  `obyekDETIK_S` decimal(5,2) DEFAULT NULL,
  `obyekLATITUDE` decimal(15,11) DEFAULT NULL,
  `obyekDERAJAT_E` int DEFAULT NULL,
  `obyekMENIT_E` int DEFAULT NULL,
  `obyekDETIK_E` decimal(5,2) DEFAULT NULL,
  `obyekLONGITUDE` decimal(15,11) DEFAULT NULL,
  `obyekKETINGGIAN` int DEFAULT NULL,
  `obyekJAMBUKA` time(6) DEFAULT NULL,
  `obyekJAMTUTUP` time(6) DEFAULT NULL,
  `obyekPOPULARITAS` int DEFAULT NULL,
  `obyekKEMUDAHAN` int DEFAULT NULL,
  `obyekDEFINISI` longtext,
  `obyekKETERANGAN` longtext,
  `obyekFOTO` varchar(255) DEFAULT NULL,
  `datecreated` date DEFAULT NULL,
  `dateupdated` date DEFAULT NULL,
  `kategoriKODE` varchar(4) DEFAULT NULL,
  `kecamatanKODE` varchar(8) DEFAULT NULL,
  `usercreated` varchar(3) DEFAULT NULL,
  `userupdated` varchar(3) DEFAULT NULL,
  `obyekWAKTUKUNJUNG` int DEFAULT NULL,
  PRIMARY KEY (`obyekKODE`),
  KEY `obyekwisata_kecamatanKODE_0fc96286_fk_kecamatan_kecamatanKODE` (`kecamatanKODE`),
  KEY `obyekwisata_usercreated_200c023a_fk_pengelola_pengelolaKODE` (`usercreated`),
  KEY `obyekwisata_userupdated_0f3bcebc_fk_pengelola_pengelolaKODE` (`userupdated`),
  KEY `obyekwisata_kategoriKODE_ade4c359_fk_kategoriw` (`kategoriKODE`),
  CONSTRAINT `obyekwisata_kategoriKODE_ade4c359_fk_kategoriw` FOREIGN KEY (`kategoriKODE`) REFERENCES `kategoriwisata` (`kategoriwisataKODE`),
  CONSTRAINT `obyekwisata_kecamatanKODE_0fc96286_fk_kecamatan_kecamatanKODE` FOREIGN KEY (`kecamatanKODE`) REFERENCES `kecamatan` (`kecamatanKODE`),
  CONSTRAINT `obyekwisata_usercreated_200c023a_fk_pengelola_pengelolaKODE` FOREIGN KEY (`usercreated`) REFERENCES `pengelola` (`pengelolaKODE`),
  CONSTRAINT `obyekwisata_userupdated_0f3bcebc_fk_pengelola_pengelolaKODE` FOREIGN KEY (`userupdated`) REFERENCES `pengelola` (`pengelolaKODE`)
) ENGINE=InnoDB DEFAULT CHARSET=utf8mb4 COLLATE=utf8mb4_0900_ai_ci;
/*!40101 SET character_set_client = @saved_cs_client */;

--
-- Dumping data for table `obyekwisata`
--

LOCK TABLES `obyekwisata` WRITE;
/*!40000 ALTER TABLE `obyekwisata` DISABLE KEYS */;
INSERT INTO `obyekwisata` VALUES ('32.01.01-001','Kebun Raya Cibinong','Jl. Raya Jakarta-Bogor No.Km. 46, Cibinong, Kec. Cibinong, Kabupaten Bogor, Jawa Barat',6,29,23.57,-6.48988066077,106,51,15.42,106.85428255366,NULL,'07:00:00.000000','17:00:00.000000',3,NULL,NULL,'Kebun Raya Cibinong merupakan kawasan konservasi botani yang berfungsi sebagai pusat penelitian sekaligus destinasi wisata edukasi. Pengunjung bisa menikmati berbagai jenis tumbuhan tropis yang ditata rapi. Suasananya sejuk, cocok untuk rekreasi sambil belajar mengenai keanekaragaman flora.','KebunRayaCibinong.jpg','2025-09-23','2025-11-03','KW01','32.01.01',NULL,'D01',120),('32.01.01-002','Taman Sampora Legok','Lingkungan Sampora Jl. Kp. Sampora, RT.03/RW.03, Cibinong, Kec. Cibinong, Kabupaten Bogor, Jawa Barat',6,30,0.45,-6.50012423629,106,51,2.09,106.85058011673,NULL,'06:00:00.000000','18:00:00.000000',5,NULL,NULL,'Taman Sampora Legok adalah ruang terbuka hijau yang sering dimanfaatkan untuk olahraga ringan dan rekreasi keluarga. Area ini memiliki pepohonan rindang dan fasilitas umum sederhana. Suasana tenangnya cocok untuk melepas penat di akhir pekan.','TamanSamporaLegok.jpg','2025-09-23','2025-11-03','KW01','32.01.01',NULL,'D01',120),('32.01.01-003','ITC Cibinong Cirimekar','Jl. Raya Mayor Oking Jaya Atmaja No.28, Cibinong, Kec. Cibinong, Kabupaten Bogor, Jawa Barat 16911',6,28,47.49,-6.47985881350,106,51,48.39,106.86344144782,NULL,'10:00:00.000000','22:00:00.000000',2,NULL,NULL,'ITC Cibinong merupakan pusat perbelanjaan besar yang menjadi ikon kawasan Cirimekar, Bogor. Mall ini menyediakan beragam kebutuhan mulai dari fashion, elektronik, kuliner, hingga pusat grosir dengan harga terjangkau. Selain berbelanja, pengunjung juga bisa menikmati area kuliner dan hiburan, menjadikannya destinasi favorit masyarakat lokal.','ITCCibinongCirimekar.jpg','2025-09-23','2025-11-03','KW01','32.01.01',NULL,'D01',150),('32.01.01-004','Saung Berkah','Jl. HR. Lukman No.2, Cirimekar, Kec. Cibinong, Kabupaten Bogor, Jawa Barat',6,28,3.32,-6.46758934681,106,51,23.05,106.85640371369,NULL,'10:00:00.000000','21:00:00.000000',4,NULL,NULL,'Saung Berkah adalah restoran yang menyajikan menu khas Sunda dengan konsep rumah makan sederhana. Suasananya nyaman dengan area lesehan yang cocok untuk kumpul keluarga. Harga makanannya terjangkau dengan cita rasa autentik.','SaungBerkah.jpg','2025-09-23','2025-11-03','KW03','32.01.01',NULL,'D01',60),('32.01.01-005','Bakso Sederhana Cibinong','Jl. Raya Mayor Oking Jaya Atmaja No.20, Cirimekar, Kec. Cibinong, Kabupaten Bogor, Jawa Barat',6,28,26.32,-6.47397767259,106,50,36.53,106.84348024169,NULL,'09:00:00.000000','21:00:00.000000',3,NULL,NULL,'Bakso Sederhana Cibinong merupakan warung bakso populer dengan cita rasa khas yang gurih dan lezat. Tempat ini sering dipadati pengunjung karena terkenal dengan porsi yang pas dan harga ramah di kantong. Cocok untuk wisata kuliner santai bersama teman atau keluarga.','BaksoSederhanaCibinong.jpg','2025-09-23','2025-11-03','KW03','32.01.01',NULL,'D01',60),('32.01.01-006','beHomy Cibinong Suite','Ruko Duta Sentra Cibinong, Jl. Raya Jakarta-Bogor No.Km. 42 Blok A9, Kabupaten Bogor, Jawa Barat',6,28,16.61,-6.47128100109,106,51,1.21,106.85033735231,NULL,'00:00:00.000000','23:35:00.000000',4,NULL,NULL,'beHomy Cibinong Suite adalah penginapan modern dengan fasilitas lengkap untuk wisatawan maupun pebisnis. Kamar-kamarnya nyaman dengan desain minimalis. Lokasinya strategis, dekat dengan pusat kota Cibinong.','beHomyCibinongSuite.jpg','2025-09-23','2025-11-03','KW02','32.01.01',NULL,'D01',0),('32.01.01-007','Sukahati Cafe','Jl. Raya Sukahati No.41, Sukahati, Kec. Cibinong, Kabupaten Bogor, Jawa Barat',6,29,41.97,-6.49499067915,106,48,42.00,106.81166710051,NULL,'08:00:00.000000','22:00:00.000000',4,NULL,NULL,'Sukahati Cafe adalah tempat nongkrong yang menyajikan menu kopi, makanan ringan, dan makanan berat. Suasananya nyaman dengan dekorasi modern, cocok untuk anak muda. Café ini juga sering digunakan untuk acara kecil seperti gathering atau live music.','SukahatiCafe.jpg','2025-09-23','2025-11-03','KW03','32.01.01',NULL,'D01',60),('32.01.01-008','Bu Sur Homestay','Perum Suryapraja, No.22 Blok A3, Jl. Anang No.22 Blok A3, Sukahati, Kec. Cibinong, Kabupaten Bogor, Jawa Barat',6,29,2.15,-6.48393110455,106,48,55.21,106.81533498347,NULL,'00:00:00.000000','23:35:00.000000',4,NULL,NULL,'Bu Sur Homestay adalah penginapan sederhana dengan nuansa rumahan yang hangat. Tempat ini cocok untuk wisatawan yang mencari akomodasi murah namun nyaman. Lokasinya mudah dijangkau, dekat dengan area wisata sekitar Cibinong.','BuSurHomestay.jpg','2025-09-23','2025-11-03','KW02','32.01.01',NULL,'D01',0),('32.01.01-009','Taman Cibinong Situ Plaza','Jl. Tegar Beriman No.6, Sukahati, Kec. Cibinong, Kabupaten Bogor, Jawa Barat',6,28,51.46,-6.48096157073,106,49,31.84,106.82550984982,NULL,'06:00:00.000000','18:00:00.000000',4,NULL,NULL,'Taman Cibinong Situ Plaza adalah ruang terbuka hijau dengan danau kecil di tengahnya. Tempat ini sering digunakan masyarakat untuk berolahraga, berjalan santai, atau sekadar bersantai. Udara segar dan suasana tenang membuatnya cocok untuk rekreasi ringan.','TamanCibinongSituPlaza.jpg','2025-09-23','2025-11-03','KW01','32.01.01',NULL,'D01',120),('32.01.03-001','Hotel Grand Orri','Jl. Raya Mayor Oking Jaya Atmaja No.1, Puspasari, Kec. Citeureup, Kabupaten Bogor, Jawa Barat 16810',6,29,2.16,-6.48393300394,106,52,15.77,106.87104798543,NULL,'00:00:00.000000','23:35:00.000000',4,NULL,NULL,'Hotel Grand Orri adalah akomodasi modern yang berlokasi strategis di Citeureup, Bogor. Hotel ini menawarkan kamar nyaman dengan fasilitas standar seperti AC, Wi-Fi, restoran, dan layanan ramah. Suasananya tenang sehingga cocok untuk wisatawan bisnis maupun keluarga yang membutuhkan tempat singgah dekat kawasan industri dan pusat kota.','HotelGrandOrri.jpg','2025-09-23','2025-11-03','KW02',NULL,NULL,'D01',0),('32.01.05-001','AEON MALL Sentul City','Jl. MH. Thamrin, Citaringgul, Kec. Babakan Madang, Kabupaten Bogor, Jawa Barat',6,34,4.17,-6.56782452013,106,51,24.40,106.85677667947,NULL,'10:00:00.000000','22:00:00.000000',4,NULL,NULL,'AEON Mall Sentul City merupakan pusat perbelanjaan modern dengan berbagai tenant internasional maupun lokal. Mall ini dilengkapi dengan food court, bioskop, hingga arena bermain anak, menjadikannya destinasi keluarga yang populer. Suasananya nyaman dengan desain interior yang modern, cocok untuk berbelanja maupun sekadar bersantai.','AEONMALLSentulCity.jpg','2025-09-23','2025-11-03','KW01','32.01.05',NULL,'D01',150),('32.01.05-002','PAVO Resort','Jl. MH Thamrin No. 1 Babakan Madang Sentul City, Citaringgul, Kec. Babakan Madang, Kabupaten Bogor, Jawa Barat',6,34,19.86,-6.57218399878,106,51,38.08,106.86057761216,NULL,'00:00:00.000000','23:35:00.000000',3,NULL,NULL,'PAVO Resort menghadirkan suasana menginap yang asri dengan nuansa alam pegunungan Sentul. Resort ini menawarkan villa dan kamar dengan pemandangan indah, cocok untuk liburan bersama keluarga atau rombongan. Fasilitas yang disediakan mencakup kolam renang, restoran, dan area rekreasi outdoor.','PAVOResort.jpg','2025-09-23','2025-11-03','KW02','32.01.05',NULL,'D01',0),('32.01.05-003','ECOART PARK Sentul City','Cipambuan, Kec. Babakan Madang, Kabupaten Bogor, Jawa Barat',6,34,8.23,-6.56895345708,106,50,45.82,106.84606128933,NULL,'10:00:00.000000','22:00:00.000000',4,NULL,NULL,'EcoArt Park adalah taman rekreasi edukatif yang menggabungkan seni dan lingkungan. Di dalamnya terdapat instalasi seni unik, ruang hijau, serta area edukasi tentang kelestarian alam. Tempat ini cocok untuk wisata keluarga yang ingin menikmati udara segar sekaligus mendapatkan pengalaman edukatif.','ECOARTPARKSentulCity.jpg','2025-09-23','2025-11-03','KW01','32.01.05',NULL,'D01',120),('32.01.05-004','Kampoeng Koneng Sentul','Sentul, Bojong Koneng, Babakan Madang, Kabupaten Bogor, Jawa Barat',6,35,37.16,-6.59365485423,106,53,17.93,106.88831348802,NULL,'09:00:00.000000','17:00:00.000000',4,NULL,NULL,'Kampoeng Koneng adalah restoran bernuansa tradisional Sunda dengan konsep alam terbuka. Menawarkan menu khas Nusantara, tempat ini sering menjadi pilihan untuk gathering keluarga maupun acara komunitas. Suasananya sejuk dengan pemandangan hijau yang menenangkan.','KampoengKonengSentul.jpg','2025-09-23','2025-11-03','KW03','32.01.05',NULL,'D01',60),('32.01.05-005','Taman Budaya Sentul City','Jl. Siliwangi No.1, Sumur Batu, Kec. Babakan Madang, Kabupaten Bogor, Jawa Barat',6,35,2.76,-6.58409961367,106,52,56.66,106.88240434492,NULL,'08:18:00.000000','17:00:00.000000',2,NULL,NULL,'Taman Budaya Sentul City adalah kawasan wisata edukasi dan hiburan yang memadukan seni, budaya, dan alam. Pengunjung dapat mengikuti berbagai workshop, aktivitas outbound, hingga pertunjukan seni. Tempat ini sangat cocok untuk rekreasi keluarga maupun kegiatan sekolah.','TamanBudayaSentulCity.jpg','2025-09-23','2025-11-03','KW01','32.01.05',NULL,'D01',120),('32.01.05-006','Hotel NEO+ Green Savana Sentul City','Komplek Taman Budaya Sentul City, Jl. Siliwangi No.1, Sumur Batu, Babakan Madang, Kabupaten Bogor, Jawa Barat',6,35,6.70,-6.58519370792,106,52,59.51,106.88319687276,NULL,'00:00:00.000000','23:35:00.000000',3,NULL,NULL,'Hotel NEO+ Green Savana adalah hotel modern dengan nuansa segar di Sentul. Dilengkapi dengan fasilitas kolam renang, ballroom, dan restoran, hotel ini cocok untuk keperluan bisnis maupun liburan. Lokasinya yang strategis membuatnya mudah diakses dari berbagai arah.','HotelNEO+GreenSavanaSentulCity.jpg','2025-09-23','2025-11-03','KW02','32.01.05',NULL,'D01',0),('32.01.05-007','JungleLand Adventure Theme Park','Kawasan Sentul Nirwana, Jl. Jungle Land No.1, Karang Tengah, Kec. Babakan Madang, Kabupaten Bogor, Jawa Barat',6,34,27.43,-6.57428608882,106,53,27.41,106.89094653346,NULL,'10:00:00.000000','17:00:00.000000',5,NULL,NULL,'JungleLand adalah taman hiburan terbesar di Sentul dengan beragam wahana seru untuk anak hingga dewasa. Di dalamnya terdapat puluhan permainan mulai dari roller coaster, rumah hantu, hingga area edukasi. Tempat ini selalu ramai dikunjungi wisatawan, terutama saat akhir pekan dan liburan sekolah.','JungleLandAdventureThemePark.jpg','2025-09-23','2025-11-03','KW01','32.01.05',NULL,'D01',300),('32.01.05-008','The Alana Hotel & Conference Center - Sentul City','Jl. Sungai Batanghari No.90, Sumur Batu, Kec. Babakan Madang, Kabupaten Bogor, Jawa Barat',6,34,10.51,-6.56958660435,106,50,52.36,106.84787742882,NULL,'00:00:00.000000','23:35:00.000000',5,NULL,NULL,'Hotel ini menawarkan pengalaman menginap mewah dengan fasilitas lengkap untuk keperluan liburan maupun bisnis. The Alana memiliki ballroom luas, ruang meeting, hingga kolam renang. Lokasinya strategis, menjadikannya pilihan favorit untuk acara pernikahan, seminar, dan liburan keluarga.','TheAlanaHotel&ConferenceCenter-SentulCity.jpg','2025-09-23','2025-11-03','KW02','32.01.05',NULL,'D01',0),('32.01.05-009','Bumi Aki Signature Sentul','Citaringgul, Sentul City, Kec. Babakan Madang, Kabupaten Bogor, Jawa Barat',6,34,0.28,-6.56674499673,106,51,42.65,106.86184831822,NULL,'10:00:00.000000','22:00:00.000000',5,NULL,NULL,'Restoran Bumi Aki Signature menyajikan hidangan khas Sunda dan Indonesia dengan cita rasa otentik. Tempat ini memiliki desain yang modern namun tetap menghadirkan nuansa tradisional. Dengan pemandangan alam pegunungan, restoran ini menjadi spot favorit kuliner keluarga.','BumiAkiSignatureSentul.jpg','2025-09-23','2025-11-03','KW03','32.01.05',NULL,'D01',60),('32.01.05-010','Richie Lake House','Jl. MH. Thamrin No.16810, Sentul City, Kec. Babakan Madang, Kabupaten Bogor, Jawa Barat',6,34,30.99,-6.57527367558,106,51,50.40,106.86400006857,NULL,'07:00:00.000000','21:00:00.000000',2,NULL,NULL,'Richie Lake House adalah resort bernuansa alam dengan pemandangan danau yang indah. Pengunjung dapat menikmati suasana tenang, lengkap dengan penginapan bergaya modern. Tempat ini cocok untuk acara keluarga, wedding, hingga gathering perusahaan.','RichieLakeHouse.jpg','2025-09-23','2025-11-03','KW03','32.01.05',NULL,'D01',60),('32.01.07-001','Taman Buah Mekarsari','Jalan Raya Cileungsi -Jonggol KM.3, Mekarsari, Cileungsi, Kabupaten Bogor, Jawa Barat',6,24,53.14,-6.41476088185,106,59,11.27,106.98646492561,NULL,'09:00:00.000000','16:00:00.000000',4,NULL,NULL,'Taman Buah Mekarsari adalah salah satu taman buah terbesar di Asia Tenggara. Wisatawan dapat belajar tentang budidaya buah, mencicipi hasil kebun, hingga mengikuti aktivitas outbond. Suasana rindang dan asri menjadikannya destinasi keluarga favorit.','TamanBuahMekarsari.jpg','2025-09-23','2025-11-03','KW01','32.01.07',NULL,'D01',120),('32.01.07-002','WATER JOY Harvest City','Perumahan Jl. Harvest City Boulevard, Cipenjo, Kec. Cileungsi, Kabupaten Bogor, Jawa Barat',6,23,33.18,-6.39255120545,106,59,57.20,106.99922201122,NULL,'08:00:00.000000','18:00:00.000000',4,NULL,NULL,'Water Joy adalah wahana wisata air yang berlokasi di kawasan Harvest City. Dilengkapi dengan berbagai kolam renang, seluncuran, dan permainan air, tempat ini sangat cocok untuk anak-anak. Tiket masuknya terjangkau sehingga ramai saat akhir pekan.','WATERJOYHarvestCity.jpg','2025-09-23','2025-11-03','KW01','32.01.07',NULL,'D01',300),('32.01.07-003','Kampung Kuliner Kali Cibarengkok Cileungsi','Kp. Cibarengkok, RT.04/RW.02, Cipeucang, Kec. Cileungsi, Kabupaten Bogor, Jawa Barat',6,25,55.07,-6.43196386912,107,2,23.55,107.03987610734,NULL,'00:00:00.000000','23:35:00.000000',4,NULL,NULL,'Kampung Kuliner Kali Cibarengkok adalah pusat kuliner dengan beragam makanan tradisional dan modern. Suasananya asri karena berada di dekat aliran sungai. Cocok untuk wisata kuliner sambil menikmati suasana alam.','KampungKulinerKaliCibarengkokCileungsi.jpg','2025-09-23','2025-11-03','KW03','32.01.07',NULL,'D01',60),('32.01.07-004','Metropolitan Mall Cileungsi','Jl. Kota Taman Metropolitan, Cileungsi Kidul, Kec. Cileungsi, Kabupaten Bogor, Jawa Barat',6,23,57.95,-6.39942979602,106,58,31.58,106.97543963086,NULL,'10:00:00.000000','22:00:00.000000',2,NULL,NULL,'Mall ini merupakan pusat belanja modern terbesar di Cileungsi. Tenantnya beragam, mulai dari supermarket, fashion, gadget, hingga food court. Mall ini juga memiliki bioskop dan sering dijadikan destinasi hiburan keluarga.','MetropolitanMallCileungsi.jpg','2025-09-23','2025-11-03','KW01','32.01.07',NULL,'D01',150),('32.01.07-005','Cibiuk Resto Harvest Cileungsi','Cileungsi Kidul, Cileungsi, Kabupaten Bogor, Jawa Barat',6,24,18.22,-6.40506107159,106,59,3.54,106.98431676395,NULL,'09:00:00.000000','21:00:00.000000',3,NULL,NULL,'Cibiuk Resto menyajikan hidangan khas Sunda dengan menu andalan sambal yang pedas dan lezat. Tempatnya luas dengan konsep tradisional modern, cocok untuk makan bersama keluarga. Pelayanan cepat membuat pengalaman makan semakin menyenangkan.','CibiukRestoHarvestCileungsi.jpg','2025-09-23','2025-11-03','KW03','32.01.07',NULL,'D01',60),('32.01.07-006','RM. Saung Apung - Harvest City','Perum Harvest City, Jl. Harvest City Boulevard, Cipenjo, Kec. Cileungsi, Kabupaten Bogor, Jawa Barat',6,23,29.40,-6.39150082944,107,0,2.97,107.00082638664,NULL,'10:00:00.000000','21:00:00.000000',2,NULL,NULL,'Rumah makan ini menyajikan kuliner Nusantara dengan konsep unik berupa saung apung di atas air. Suasananya sejuk dengan nuansa alam pedesaan. Cocok untuk acara keluarga maupun gathering bersama teman.','RM.SaungApung-HarvestCity.jpg','2025-09-23','2025-11-03','KW03','32.01.07',NULL,'D01',60),('32.01.07-007','Hotel Safiina Point Syariah','Jl. Pahlawan Jl. Kp. Tengah No.16, Cileungsi, Kec. Cileungsi, Kabupaten Bogor, Jawa Barat',6,23,44.83,-6.39578522622,106,57,35.06,106.95973764110,NULL,'00:00:00.000000','23:35:00.000000',5,NULL,NULL,'Hotel ini menawarkan penginapan bernuansa syariah dengan kenyamanan modern. Fasilitasnya lengkap, mulai dari kamar nyaman, restoran halal, hingga ruang pertemuan. Tempat ini cocok bagi wisatawan yang mengutamakan ketenangan dan suasana Islami.','HotelSafiinaPointSyariah.jpg','2025-09-23','2025-11-03','KW02','32.01.07',NULL,'D01',0),('32.01.07-008','Diara Hotel Cileungsi','Jl. Kota Taman Metropolitan Metland Transyogi Cibubur No.7, Cileungsi Kidul, Kec. Cileungsi, Kabupaten Bogor, Jawa Barat',6,24,13.16,-6.40365526409,106,58,34.17,106.97615822149,NULL,'00:00:00.000000','23:35:00.000000',4,NULL,NULL,'Diara Hotel adalah hotel modern dengan tarif terjangkau di kawasan Cileungsi. Fasilitasnya memadai dengan kamar yang bersih dan pelayanan ramah. Lokasinya strategis, dekat dengan berbagai pusat kuliner dan hiburan.','DiaraHotelCileungsi.jpg','2025-09-23','2025-11-03','KW02','32.01.07',NULL,'D01',0),('32.01.07-009','Water Kingdom Mekarsari','Jl. Raya Cileungsi - Jonggol No.km 3, Mekarsari, Kec. Cileungsi, Kabupaten Bogor, Jawa Barat',6,24,37.67,-6.41046431258,106,59,32.21,106.99227920242,NULL,'09:00:00.000000','17:00:00.000000',3,NULL,NULL,'Water Kingdom adalah salah satu taman air terbesar di Asia Tenggara. Menyediakan beragam wahana air seperti wave pool, seluncuran, hingga lazy river. Tempat ini selalu ramai dikunjungi terutama pada musim liburan sekolah.','WaterKingdomMekarsari.jpg','2025-09-23','2025-11-03','KW01','32.01.07',NULL,'D01',300),('32.01.07-010','Kawasan Ekowisata Danau Situ Tunggilis','Setusari, Kec. Cileungsi, Timur, Kabupaten Bogor, Jawa Barat',6,25,13.34,-6.42037167310,107,1,44.88,107.02913397418,NULL,'00:00:00.000000','23:35:00.000000',4,NULL,NULL,'Situ Tunggilis adalah kawasan wisata alam berupa danau yang asri dengan pepohonan rindang. Tempat ini cocok untuk memancing, piknik, atau sekadar bersantai menikmati pemandangan. Suasananya tenang sehingga banyak dikunjungi wisatawan lokal.','KawasanEkowisataDanauSituTunggilis.jpg','2025-09-23','2025-11-03','KW01','32.01.07',NULL,'D01',120),('32.01.25-001','Taman Safari Indonesia Bogor','Jalan Kapten Harun Kabir No.724, Cibeureum, Kec. Cisarua, Kabupaten Bogor, Jawa Barat',6,42,34.71,-6.70964168664,106,56,45.55,106.94598672737,NULL,'09:00:00.000000','17:00:00.000000',5,NULL,NULL,'Taman Safari Indonesia adalah salah satu destinasi wisata populer di Bogor dengan konsep kebun binatang interaktif. Pengunjung dapat melihat hewan dari berbagai belahan dunia secara langsung dari dalam kendaraan. Selain itu, tersedia pula wahana permainan, pertunjukan satwa, serta area konservasi yang edukatif.','TamanSafariIndonesiaBogor.jpg','2025-09-23','2025-11-03','KW01','32.01.25',NULL,'D01',300),('32.01.25-002','Seruni Hotel The Fountains Hotel','Jalan Nasional No.11, Tugu Utara, Cisarua, Kabupaten Bogor, Jawa Barat',6,41,56.45,-6.69901496912,106,57,2.02,106.95056124581,NULL,'00:00:00.000000','23:35:00.000000',5,NULL,NULL,'Hotel Seruni The Fountains menghadirkan konsep penginapan dengan pemandangan pegunungan yang sejuk. Fasilitas yang tersedia meliputi kolam renang tematik, taman, hingga area bermain anak. Hotel ini cocok untuk liburan keluarga karena suasananya nyaman dan jauh dari keramaian kota.','SeruniHotelTheFountainsHotel.jpg','2025-09-23','2025-11-03','KW02','32.01.25',NULL,'D01',0),('32.01.25-003','Kebun Teh Cisarua Bogor','Tugu Sel., Kec. Cisarua, Kabupaten Bogor, Jawa Barat',6,42,0.27,-6.70007515559,106,57,42.11,106.96169806057,NULL,'07:00:00.000000','20:00:00.000000',5,NULL,NULL,'Kebun Teh Cisarua menawarkan pemandangan hamparan perkebunan teh yang hijau dan menenangkan. Udara segarnya sangat cocok untuk refreshing, olahraga ringan, atau sekadar berjalan santai. Wisatawan juga bisa menikmati spot foto indah dengan latar perkebunan dan gunung.','KebunTehCisaruaBogor.jpg','2025-09-23','2025-11-03','KW01','32.01.25',NULL,'D01',120),('32.01.25-004','Taman Wisata Matahari','Jl. Raya Puncak, Cilember, Kec. Cisarua, Kabupaten Bogor, Jawa Barat',6,39,39.66,-6.66101736171,106,55,1.49,106.91708143624,NULL,'11:00:00.000000','17:18:00.000000',3,NULL,NULL,'Taman Wisata Matahari adalah area wisata yang menyediakan fasilitas outbound, penginapan, serta wahana bermain anak. Tempat ini sering menjadi tujuan untuk gathering perusahaan, sekolah, atau acara keluarga besar. Suasana alam yang asri menjadikannya lokasi tepat untuk beraktivitas di luar ruangan.','TamanWisataMatahari.jpg','2025-09-23','2025-11-03','KW01','32.01.25',NULL,'D01',120),('32.01.25-005','Breeve Hills Resto & Café','Jl. Raya Puncak No.81, RT.01/RW.02, Leuwimalang, Kec. Cisarua, Kabupaten Bogor, Jawa Barat',6,39,52.26,-6.66451654111,106,55,16.40,106.92122122912,NULL,'10:00:00.000000','22:00:00.000000',5,NULL,NULL,'Breeve Hills adalah restoran dan café dengan konsep outdoor yang menyuguhkan panorama pegunungan Puncak. Suasananya romantis saat malam hari dengan dekorasi lampu-lampu yang indah. Menu yang ditawarkan beragam, mulai dari makanan lokal hingga western.','BreeveHillsResto&Café.jpg','2025-09-23','2025-11-03','KW03','32.01.25',NULL,'D01',60),('32.01.25-006','Dairyland Riverside Puncak','Jl. Raya Puncak - Gadog KM.77 No.435, Leuwimalang, Kec. Cisarua, Kabupaten Bogor, Jawa Barat',6,39,8.72,-6.65242325317,106,54,31.29,106.90869262393,NULL,'08:00:00.000000','21:00:00.000000',5,NULL,NULL,'Dairyland Riverside adalah tempat wisata keluarga yang menggabungkan konsep kuliner, edukasi, dan peternakan. Anak-anak bisa belajar mengenal hewan ternak sekaligus menikmati suasana pedesaan. Selain itu, tersedia café dan restoran yang menyajikan makanan khas Puncak.','DairylandRiversidePuncak.jpg','2025-09-23','2025-11-03','KW01','32.01.25',NULL,'D01',300),('32.01.25-007','Wisma Abdi','Jl. Raya Puncak, Cilember, Kec. Cisarua, Kabupaten Bogor, Jawa Barat',6,39,5.68,-6.65157822525,106,54,31.32,106.90869906135,NULL,'00:00:00.000000','23:35:00.000000',3,NULL,NULL,'Wisma Abdi adalah penginapan sederhana dengan suasana tenang dan nyaman. Tempat ini sering digunakan untuk retreat, pertemuan, atau acara komunitas. Dengan lokasinya yang sejuk, Wisma Abdi menjadi pilihan tepat untuk beristirahat jauh dari keramaian kota.','WismaAbdi.jpg','2025-09-23','2025-11-03','KW02','32.01.25',NULL,'D01',0),('32.01.25-008','Curug Pariuk Cibeureum','Jl. Taman Safari, Cibeureum, Kec. Cisarua, Kabupaten Bogor, Jawa Barat',6,43,9.49,-6.71930375622,106,57,50.95,106.96415369981,NULL,'06:00:00.000000','18:00:00.000000',5,NULL,NULL,'Curug Pariuk adalah air terjun alami yang tersembunyi di kawasan Cibeureum. Lokasinya masih asri dengan suasana hutan tropis yang menenangkan. Airnya jernih dan segar, cocok untuk pengunjung yang suka wisata alam dan trekking ringan.','CurugPariukCibeureum.jpg','2025-09-23','2025-11-03','KW01','32.01.25',NULL,'D01',180),('32.01.25-009','The Lake House','Jl. Taman Safari No.101. C, Cibeureum, Kec. Cisarua, Kabupaten Bogor, Jawa Barat',6,42,7.11,-6.70197490795,106,56,52.54,106.94792795695,NULL,'10:00:00.000000','21:00:00.000000',4,NULL,NULL,'The Lake House adalah restoran dengan konsep unik di tepi danau. Suasana makan di sini terasa romantis, terutama karena dekorasi dan pemandangan alam yang indah. Tempat ini menjadi spot favorit untuk kuliner sekaligus hunting foto Instagramable.','TheLakeHouse.jpg','2025-09-23','2025-11-03','KW03','32.01.25',NULL,'D01',60),('32.01.25-010','Hotel Taman Teratai','Jl. Raya Puncak No.Km. 77, Leuwimalang, Kec. Cisarua, Kabupaten Bogor, Jawa Barat',6,39,36.78,-6.66021720617,106,54,56.99,106.91582961034,NULL,'00:00:00.000000','23:35:00.000000',2,NULL,NULL,'Hotel Taman Teratai adalah penginapan yang nyaman di kawasan Puncak dengan fasilitas keluarga. Hotel ini menyediakan kolam renang, taman bermain, dan restoran. Dengan nuansa alam yang segar, hotel ini cocok untuk wisatawan yang ingin beristirahat sambil menikmati keindahan Puncak.','HotelTamanTeratai.jpg','2025-09-23','2025-11-03','KW02','32.01.25',NULL,'D01',0),('32.01.26-001','NICOLE\'S RIVER PARK','Jl. Raya Puncak, Cipayung Datar, Kec. Megamendung, Kabupaten Bogor, Jawa Barat',6,39,1.08,-6.65029959620,106,53,48.64,106.89684444405,NULL,'08:00:00.000000','18:00:00.000000',4,NULL,NULL,'Nicole’s River Park adalah destinasi wisata modern dengan spot foto Instagramable. Di dalamnya terdapat taman tematik, café, hingga area bermain. Tempat ini populer di kalangan anak muda karena desainnya unik dan fotogenik.','NICOLE\'SRIVERPARK.jpg','2025-09-23','2025-11-03','KW01','32.01.26',NULL,'D01',300),('32.01.26-002','Curug Panjang','Megamendung, Kec. Megamendung, Kabupaten Bogor, Jawa Barat',6,38,51.63,-6.64767396392,106,56,9.28,106.93590988568,NULL,'08:00:00.000000','17:00:00.000000',2,NULL,NULL,'Curug Panjang adalah air terjun indah dengan aliran air deras dan jernih. Pengunjung bisa berenang atau bermain air di kolam alami yang terbentuk di bawahnya. Akses menuju lokasi membutuhkan trekking ringan sehingga cocok bagi pecinta alam.','CurugPanjang.jpg','2025-09-23','2025-11-03','KW01','32.01.26',NULL,'D01',180),('32.01.26-003','Curug Cibulao','Megamendung, Kabupaten Bogor, Jawa Barat',6,38,47.88,-6.64663423458,106,57,1.35,106.95037546756,NULL,'08:00:00.000000','17:00:00.000000',5,NULL,NULL,'Curug Cibulao terkenal dengan kejernihan airnya yang kebiruan. Suasana alam di sekitar curug masih asri, dikelilingi hutan dan tebing alami. Tempat ini sering dijadikan destinasi camping maupun wisata alam petualangan.','CurugCibulao.jpg','2025-09-23','2025-11-03','KW01','32.01.26',NULL,'D01',180),('32.01.26-004','Cimory Dairyland','Puncak Rd No.km 76, Cipayung Girang, Megamendung, Kabupaten Bogor, Jawa Barat',6,39,0.12,-6.65003462584,106,54,9.63,106.90267557783,NULL,'08:00:00.000000','17:00:00.000000',5,NULL,NULL,'Cimory Dairyland adalah wisata keluarga yang menggabungkan edukasi peternakan sapi perah, kuliner, dan rekreasi. Anak-anak bisa belajar tentang proses pembuatan susu dan memberi makan hewan. Selain itu, tersedia restoran dengan menu olahan susu yang khas.','CimoryDairyland.jpg','2025-09-23','2025-11-03','KW01','32.01.26',NULL,'D01',300),('32.01.26-005','Bobocabin The Tavia','Jl. Raya Puncak Pass No.Km, RW.17, Cipayung Datar, Kec. Megamendung, Kabupaten Bogor, Jawa Barat',6,39,16.40,-6.65455461589,106,53,59.04,106.89973411450,NULL,'00:00:00.000000','23:35:00.000000',5,NULL,NULL,'Bobocabin The Tavia menawarkan pengalaman menginap unik dengan konsep kabin modern di tengah alam. Kamar menggunakan teknologi pintar yang bisa diatur pencahayaan dan suara lewat aplikasi. Tempat ini cocok untuk liburan privat dengan suasana tenang.','BobocabinTheTavia.jpg','2025-09-23','2025-11-03','KW02','32.01.26',NULL,'D01',0),('32.01.26-006','Hotel & Wisma Bintang Jadayat','Jl. Raya Puncak - Gadog No.Km 70, Cipayung Girang, Kec. Megamendung, Kabupaten Bogor, Jawa Barat',6,38,59.25,-6.64979177970,106,54,3.67,106.90102048874,NULL,'00:00:00.000000','23:35:00.000000',5,NULL,NULL,'Hotel dan Wisma Bintang Jadayat menyediakan akomodasi dengan tarif terjangkau. Fasilitasnya sederhana namun cukup memadai untuk wisatawan. Lokasinya dekat dengan beberapa obyek wisata Bogor sehingga cukup strategis.','Hotel&WismaBintangJadayat.jpg','2025-09-23','2025-11-03','KW02','32.01.26',NULL,'D01',0),('32.01.26-007','Warung Nasi Alam Sunda Cipayung','Jl. Raya Puncak - Gadog No.239, Cipayung Datar, Kec. Megamendung, Kabupaten Bogor, Jawa Barat',6,39,0.94,-6.65026137773,106,53,50.83,106.89745382718,NULL,'09:00:00.000000','21:00:00.000000',5,NULL,NULL,'Warung ini menyajikan makanan khas Sunda dengan menu favorit seperti nasi liwet, ayam goreng, dan sambal terasi. Suasananya sederhana namun selalu ramai pengunjung. Harga terjangkau membuatnya jadi pilihan kuliner populer.','WarungNasiAlamSundaCipayung.jpg','2025-09-23','2025-11-03','KW03','32.01.26',NULL,'D01',60),('32.01.26-008','Rumah Makan Saung Kuring','Jl. Raya Puncak Km. 75 Cipayung Cipayung Girang, Cipayung Datar, Kec. Megamendung, Kabupaten Bogor, Jawa Barat',6,38,60.00,-6.64999871670,106,53,55.34,106.89870452269,NULL,'10:00:00.000000','21:18:00.000000',5,NULL,NULL,'Rumah Makan Saung Kuring menyajikan kuliner Sunda dengan konsep saung di tengah kolam ikan. Suasananya sejuk dan nyaman untuk acara keluarga maupun pertemuan bisnis. Menu khasnya adalah ikan gurame dan berbagai sambal tradisional.','RumahMakanSaungKuring.jpg','2025-09-23','2025-11-03','KW03','32.01.26',NULL,'D01',60),('32.01.26-009','Kedai Sunda','Jl. Raya Puncak No.75 KM.75, Cipayung Datar, Kec. Megamendung, Kabupaten Bogor, Jawa Barat',6,39,1.32,-6.65036676275,106,53,45.44,106.89595517534,NULL,'10:00:00.000000','22:00:00.000000',4,NULL,NULL,'Kedai Sunda adalah tempat makan dengan nuansa sederhana yang menyajikan menu khas Jawa Barat. Meskipun tidak besar, rasa makanannya otentik dan harga ramah di kantong. Cocok untuk makan siang santai bersama keluarga.','KedaiSunda.jpg','2025-09-23','2025-11-03','KW03','32.01.26',NULL,'D01',60),('32.01.26-010','Hotel Purnama','Jl. Raya Puncak - Gadog No.220 KM. 75, Cipayung Datar, Kec. Megamendung, Kabupaten Bogor, Jawa Barat',6,39,3.13,-6.65086984191,106,53,30.66,106.89184990775,NULL,'00:00:00.000000','23:35:00.000000',4,NULL,NULL,'Hotel Purnama merupakan penginapan klasik dengan fasilitas standar. Tempat ini menjadi pilihan bagi wisatawan yang mencari akomodasi dengan harga terjangkau. Suasana tenang dan pelayanan ramah membuatnya nyaman untuk beristirahat.','HotelPurnama.jpg','2025-09-23','2025-11-03','KW02','32.01.26',NULL,'D01',0);
/*!40000 ALTER TABLE `obyekwisata` ENABLE KEYS */;
UNLOCK TABLES;

--
-- Table structure for table `pengelola`
--

DROP TABLE IF EXISTS `pengelola`;
/*!40101 SET @saved_cs_client     = @@character_set_client */;
/*!50503 SET character_set_client = utf8mb4 */;
CREATE TABLE `pengelola` (
  `pengelolaKODE` varchar(3) NOT NULL,
  `pengelolaPASSWORD` varchar(60) NOT NULL,
  `pengelolaEMAIL` varchar(255) NOT NULL,
  `pengelolaNAMA1` varchar(60) NOT NULL,
  `pengelolaNAMA2` varchar(60) NOT NULL,
  PRIMARY KEY (`pengelolaKODE`),
  UNIQUE KEY `pengelolaEMAIL` (`pengelolaEMAIL`)
) ENGINE=InnoDB DEFAULT CHARSET=utf8mb4 COLLATE=utf8mb4_0900_ai_ci;
/*!40101 SET character_set_client = @saved_cs_client */;

--
-- Dumping data for table `pengelola`
--

LOCK TABLES `pengelola` WRITE;
/*!40000 ALTER TABLE `pengelola` DISABLE KEYS */;
INSERT INTO `pengelola` VALUES ('D01','ElnylOqtIGSdm8lvgBPTRPSPrgA=','wistineraryadmin@gmail.com','admin','admin');
/*!40000 ALTER TABLE `pengelola` ENABLE KEYS */;
UNLOCK TABLES;

--
-- Table structure for table `provinsi`
--

DROP TABLE IF EXISTS `provinsi`;
/*!40101 SET @saved_cs_client     = @@character_set_client */;
/*!50503 SET character_set_client = utf8mb4 */;
CREATE TABLE `provinsi` (
  `provinsiKODE` varchar(2) NOT NULL,
  `provinsiNAMA` varchar(30) NOT NULL,
  `provinsiKET` varchar(255) DEFAULT NULL,
  `provinsiALAMAT` varchar(100) DEFAULT NULL,
  `datecreated` date DEFAULT NULL,
  `dateupdated` date DEFAULT NULL,
  `usercreated` varchar(3) DEFAULT NULL,
  `userupdated` varchar(3) DEFAULT NULL,
  PRIMARY KEY (`provinsiKODE`),
  KEY `provinsi_usercreated_ac4c1078_fk_pengelola_pengelolaKODE` (`usercreated`),
  KEY `provinsi_userupdated_9c803592_fk_pengelola_pengelolaKODE` (`userupdated`),
  CONSTRAINT `provinsi_usercreated_ac4c1078_fk_pengelola_pengelolaKODE` FOREIGN KEY (`usercreated`) REFERENCES `pengelola` (`pengelolaKODE`),
  CONSTRAINT `provinsi_userupdated_9c803592_fk_pengelola_pengelolaKODE` FOREIGN KEY (`userupdated`) REFERENCES `pengelola` (`pengelolaKODE`)
) ENGINE=InnoDB DEFAULT CHARSET=utf8mb4 COLLATE=utf8mb4_0900_ai_ci;
/*!40101 SET character_set_client = @saved_cs_client */;

--
-- Dumping data for table `provinsi`
--

LOCK TABLES `provinsi` WRITE;
/*!40000 ALTER TABLE `provinsi` DISABLE KEYS */;
INSERT INTO `provinsi` VALUES ('32','Jawa Barat','Provinsi dengan penduduk terbanyak di Indonesia, terkenal dengan Bandung sebagai ibu kota kreatif.','Jl. Diponegoro No.22, Citarum, Kec. Bandung Wetan, Kota Bandung, Jawa Barat 40115','2025-09-18',NULL,'D01',NULL),('33','Jawa Tengah','Provinsi dengan kekayaan budaya Jawa, terkenal dengan Candi Borobudur dan Kota Semarang.','Jl. Pahlawan No.9, Mugassari, Kec. Semarang Sel., Kota Semarang, Jawa Tengah 50249','2025-09-18',NULL,'D01',NULL),('34','DI Yogyakarya','Daerah istimewa dengan status khusus kesultanan, terkenal sebagai kota pelajar dan budaya.','Jl. Malioboro No.16, Suryatmajan, Kec. Danurejan, Kota Yogyakarta, Daerah Istimewa Yogyakarta 55213','2025-09-18',NULL,'D01',NULL),('35','Jawa Timur','Jl. Pahlawan No.110, Alun-alun Contong, Kec. Bubutan, Surabaya, Jawa Timur 60174','Provinsi terluas di Pulau Jawa, pusat ekonominya di Surabaya, terkenal dengan Gunung Bromo.','2025-09-18',NULL,'D01',NULL),('36','Banten','Provinsi di ujung barat Pulau Jawa, terkenal dengan wisata Pantai Anyer dan Ujung Kulon.','Jl. Brigjen KH Samun No.5, Kotabaru, Kec. Serang, Kota Serang, Banten 42112','2025-09-18',NULL,'D01',NULL);
/*!40000 ALTER TABLE `provinsi` ENABLE KEYS */;
UNLOCK TABLES;

--
-- Table structure for table `skipitinerary`
--

DROP TABLE IF EXISTS `skipitinerary`;
/*!40101 SET @saved_cs_client     = @@character_set_client */;
/*!50503 SET character_set_client = utf8mb4 */;
CREATE TABLE `skipitinerary` (
  `skipKODE` int NOT NULL AUTO_INCREMENT,
  `hasilKODE` int DEFAULT NULL,
  `obyekKODE` varchar(12) DEFAULT NULL,
  PRIMARY KEY (`skipKODE`),
  UNIQUE KEY `unique_skip_obyek` (`obyekKODE`,`hasilKODE`),
  KEY `skipitinerary_hasilKODE_d2486755_fk_hasilitinerary_hasilKODE` (`hasilKODE`),
  CONSTRAINT `skipitinerary_hasilKODE_d2486755_fk_hasilitinerary_hasilKODE` FOREIGN KEY (`hasilKODE`) REFERENCES `hasilitinerary` (`hasilKODE`),
  CONSTRAINT `skipitinerary_obyekKODE_ce69c045_fk_obyekwisata_obyekKODE` FOREIGN KEY (`obyekKODE`) REFERENCES `obyekwisata` (`obyekKODE`)
) ENGINE=InnoDB AUTO_INCREMENT=549 DEFAULT CHARSET=utf8mb4 COLLATE=utf8mb4_0900_ai_ci;
/*!40101 SET character_set_client = @saved_cs_client */;

--
-- Dumping data for table `skipitinerary`
--

LOCK TABLES `skipitinerary` WRITE;
/*!40000 ALTER TABLE `skipitinerary` DISABLE KEYS */;
INSERT INTO `skipitinerary` VALUES (19,1,'32.01.01-001'),(47,2,'32.01.01-001'),(67,3,'32.01.01-001'),(115,5,'32.01.01-001'),(144,6,'32.01.01-001'),(167,7,'32.01.01-001'),(213,9,'32.01.01-001'),(252,10,'32.01.01-001'),(300,13,'32.01.01-001'),(367,17,'32.01.01-001'),(401,19,'32.01.01-001'),(443,22,'32.01.01-001'),(536,30,'32.01.01-001'),(23,1,'32.01.01-002'),(38,2,'32.01.01-002'),(60,3,'32.01.01-002'),(82,4,'32.01.01-002'),(125,5,'32.01.01-002'),(130,6,'32.01.01-002'),(192,8,'32.01.01-002'),(234,10,'32.01.01-002'),(264,11,'32.01.01-002'),(280,12,'32.01.01-002'),(312,14,'32.01.01-002'),(330,15,'32.01.01-002'),(418,20,'32.01.01-002'),(437,21,'32.01.01-002'),(543,30,'32.01.01-002'),(15,1,'32.01.01-003'),(49,2,'32.01.01-003'),(65,3,'32.01.01-003'),(91,4,'32.01.01-003'),(124,5,'32.01.01-003'),(150,6,'32.01.01-003'),(164,7,'32.01.01-003'),(199,8,'32.01.01-003'),(228,9,'32.01.01-003'),(247,10,'32.01.01-003'),(272,11,'32.01.01-003'),(279,12,'32.01.01-003'),(318,14,'32.01.01-003'),(356,16,'32.01.01-003'),(412,20,'32.01.01-003'),(432,21,'32.01.01-003'),(450,22,'32.01.01-003'),(462,23,'32.01.01-003'),(32,2,'32.01.01-004'),(209,9,'32.01.01-004'),(309,13,'32.01.01-004'),(357,16,'32.01.01-004'),(3,1,'32.01.01-005'),(42,2,'32.01.01-005'),(63,3,'32.01.01-005'),(120,5,'32.01.01-005'),(135,6,'32.01.01-005'),(165,7,'32.01.01-005'),(398,19,'32.01.01-005'),(466,24,'32.01.01-005'),(493,26,'32.01.01-005'),(79,4,'32.01.01-007'),(142,6,'32.01.01-007'),(222,9,'32.01.01-007'),(29,2,'32.01.01-009'),(100,4,'32.01.01-009'),(134,6,'32.01.01-009'),(171,7,'32.01.01-009'),(186,8,'32.01.01-009'),(211,9,'32.01.01-009'),(299,13,'32.01.01-009'),(344,16,'32.01.01-009'),(431,21,'32.01.01-009'),(451,23,'32.01.01-009'),(489,26,'32.01.01-009'),(57,3,'32.01.05-001'),(90,4,'32.01.05-001'),(111,5,'32.01.05-001'),(132,6,'32.01.05-001'),(172,7,'32.01.05-001'),(195,8,'32.01.05-001'),(224,9,'32.01.05-001'),(246,10,'32.01.05-001'),(339,15,'32.01.05-001'),(354,16,'32.01.05-001'),(424,20,'32.01.05-001'),(517,28,'32.01.05-001'),(14,1,'32.01.05-003'),(33,2,'32.01.05-003'),(55,3,'32.01.05-003'),(86,4,'32.01.05-003'),(139,6,'32.01.05-003'),(210,9,'32.01.05-003'),(361,17,'32.01.05-003'),(476,25,'32.01.05-003'),(531,29,'32.01.05-003'),(27,2,'32.01.05-004'),(97,4,'32.01.05-004'),(122,5,'32.01.05-004'),(193,8,'32.01.05-004'),(207,9,'32.01.05-004'),(249,10,'32.01.05-004'),(332,15,'32.01.05-004'),(352,16,'32.01.05-004'),(409,19,'32.01.05-004'),(11,1,'32.01.05-005'),(45,2,'32.01.05-005'),(123,5,'32.01.05-005'),(151,6,'32.01.05-005'),(184,8,'32.01.05-005'),(229,9,'32.01.05-005'),(242,10,'32.01.05-005'),(303,13,'32.01.05-005'),(316,14,'32.01.05-005'),(333,15,'32.01.05-005'),(351,16,'32.01.05-005'),(372,17,'32.01.05-005'),(390,18,'32.01.05-005'),(477,25,'32.01.05-005'),(502,27,'32.01.05-005'),(10,1,'32.01.05-007'),(28,2,'32.01.05-007'),(75,3,'32.01.05-007'),(92,4,'32.01.05-007'),(116,5,'32.01.05-007'),(129,6,'32.01.05-007'),(168,7,'32.01.05-007'),(196,8,'32.01.05-007'),(221,9,'32.01.05-007'),(235,10,'32.01.05-007'),(270,11,'32.01.05-007'),(277,12,'32.01.05-007'),(297,13,'32.01.05-007'),(315,14,'32.01.05-007'),(334,15,'32.01.05-007'),(355,16,'32.01.05-007'),(362,17,'32.01.05-007'),(384,18,'32.01.05-007'),(407,19,'32.01.05-007'),(421,20,'32.01.05-007'),(434,21,'32.01.05-007'),(463,24,'32.01.05-007'),(483,25,'32.01.05-007'),(498,26,'32.01.05-007'),(512,28,'32.01.05-007'),(526,29,'32.01.05-007'),(537,30,'32.01.05-007'),(70,3,'32.01.05-009'),(128,5,'32.01.05-009'),(259,11,'32.01.05-009'),(6,1,'32.01.05-010'),(41,2,'32.01.05-010'),(179,7,'32.01.05-010'),(188,8,'32.01.05-010'),(220,9,'32.01.05-010'),(244,10,'32.01.05-010'),(294,13,'32.01.05-010'),(337,15,'32.01.05-010'),(360,16,'32.01.05-010'),(373,17,'32.01.05-010'),(24,1,'32.01.07-001'),(51,2,'32.01.07-001'),(56,3,'32.01.07-001'),(85,4,'32.01.07-001'),(118,5,'32.01.07-001'),(146,6,'32.01.07-001'),(157,7,'32.01.07-001'),(203,8,'32.01.07-001'),(232,9,'32.01.07-001'),(248,10,'32.01.07-001'),(260,11,'32.01.07-001'),(292,12,'32.01.07-001'),(377,17,'32.01.07-001'),(388,18,'32.01.07-001'),(397,19,'32.01.07-001'),(415,20,'32.01.07-001'),(474,24,'32.01.07-001'),(523,29,'32.01.07-001'),(4,1,'32.01.07-002'),(46,2,'32.01.07-002'),(76,3,'32.01.07-002'),(84,4,'32.01.07-002'),(108,5,'32.01.07-002'),(152,6,'32.01.07-002'),(162,7,'32.01.07-002'),(194,8,'32.01.07-002'),(212,9,'32.01.07-002'),(251,10,'32.01.07-002'),(273,11,'32.01.07-002'),(291,12,'32.01.07-002'),(293,13,'32.01.07-002'),(317,14,'32.01.07-002'),(328,15,'32.01.07-002'),(348,16,'32.01.07-002'),(369,17,'32.01.07-002'),(378,18,'32.01.07-002'),(399,19,'32.01.07-002'),(422,20,'32.01.07-002'),(436,21,'32.01.07-002'),(445,22,'32.01.07-002'),(452,23,'32.01.07-002'),(469,24,'32.01.07-002'),(482,25,'32.01.07-002'),(491,26,'32.01.07-002'),(501,27,'32.01.07-002'),(520,28,'32.01.07-002'),(534,29,'32.01.07-002'),(542,30,'32.01.07-002'),(13,1,'32.01.07-003'),(52,2,'32.01.07-003'),(73,3,'32.01.07-003'),(102,4,'32.01.07-003'),(121,5,'32.01.07-003'),(143,6,'32.01.07-003'),(173,7,'32.01.07-003'),(182,8,'32.01.07-003'),(216,9,'32.01.07-003'),(236,10,'32.01.07-003'),(275,11,'32.01.07-003'),(285,12,'32.01.07-003'),(325,14,'32.01.07-003'),(364,17,'32.01.07-003'),(393,18,'32.01.07-003'),(427,20,'32.01.07-003'),(458,23,'32.01.07-003'),(487,26,'32.01.07-003'),(516,28,'32.01.07-003'),(539,30,'32.01.07-003'),(20,1,'32.01.07-004'),(50,2,'32.01.07-004'),(54,3,'32.01.07-004'),(96,4,'32.01.07-004'),(106,5,'32.01.07-004'),(138,6,'32.01.07-004'),(160,7,'32.01.07-004'),(183,8,'32.01.07-004'),(214,9,'32.01.07-004'),(243,10,'32.01.07-004'),(267,11,'32.01.07-004'),(278,12,'32.01.07-004'),(307,13,'32.01.07-004'),(338,15,'32.01.07-004'),(345,16,'32.01.07-004'),(376,17,'32.01.07-004'),(392,18,'32.01.07-004'),(408,19,'32.01.07-004'),(419,20,'32.01.07-004'),(446,22,'32.01.07-004'),(455,23,'32.01.07-004'),(504,27,'32.01.07-004'),(513,28,'32.01.07-004'),(532,29,'32.01.07-004'),(538,30,'32.01.07-004'),(26,1,'32.01.07-005'),(40,2,'32.01.07-005'),(59,3,'32.01.07-005'),(101,4,'32.01.07-005'),(110,5,'32.01.07-005'),(131,6,'32.01.07-005'),(156,7,'32.01.07-005'),(189,8,'32.01.07-005'),(238,10,'32.01.07-005'),(281,12,'32.01.07-005'),(298,13,'32.01.07-005'),(336,15,'32.01.07-005'),(530,29,'32.01.07-005'),(72,3,'32.01.07-006'),(78,4,'32.01.07-006'),(104,5,'32.01.07-006'),(154,6,'32.01.07-006'),(177,7,'32.01.07-006'),(227,9,'32.01.07-006'),(237,10,'32.01.07-006'),(268,11,'32.01.07-006'),(290,12,'32.01.07-006'),(395,19,'32.01.07-006'),(473,24,'32.01.07-006'),(481,25,'32.01.07-006'),(515,28,'32.01.07-006'),(546,30,'32.01.07-006'),(25,1,'32.01.07-009'),(35,2,'32.01.07-009'),(77,3,'32.01.07-009'),(93,4,'32.01.07-009'),(103,5,'32.01.07-009'),(133,6,'32.01.07-009'),(180,7,'32.01.07-009'),(202,8,'32.01.07-009'),(231,9,'32.01.07-009'),(255,10,'32.01.07-009'),(263,11,'32.01.07-009'),(284,12,'32.01.07-009'),(296,13,'32.01.07-009'),(321,14,'32.01.07-009'),(341,15,'32.01.07-009'),(350,16,'32.01.07-009'),(365,17,'32.01.07-009'),(389,18,'32.01.07-009'),(394,19,'32.01.07-009'),(413,20,'32.01.07-009'),(429,21,'32.01.07-009'),(449,22,'32.01.07-009'),(461,23,'32.01.07-009'),(472,24,'32.01.07-009'),(485,25,'32.01.07-009'),(488,26,'32.01.07-009'),(510,27,'32.01.07-009'),(522,28,'32.01.07-009'),(533,29,'32.01.07-009'),(541,30,'32.01.07-009'),(1,1,'32.01.07-010'),(34,2,'32.01.07-010'),(58,3,'32.01.07-010'),(95,4,'32.01.07-010'),(113,5,'32.01.07-010'),(140,6,'32.01.07-010'),(159,7,'32.01.07-010'),(197,8,'32.01.07-010'),(225,9,'32.01.07-010'),(241,10,'32.01.07-010'),(288,12,'32.01.07-010'),(310,14,'32.01.07-010'),(359,16,'32.01.07-010'),(368,17,'32.01.07-010'),(380,18,'32.01.07-010'),(410,19,'32.01.07-010'),(479,25,'32.01.07-010'),(544,30,'32.01.07-010'),(22,1,'32.01.25-001'),(39,2,'32.01.25-001'),(69,3,'32.01.25-001'),(99,4,'32.01.25-001'),(126,5,'32.01.25-001'),(137,6,'32.01.25-001'),(176,7,'32.01.25-001'),(205,8,'32.01.25-001'),(208,9,'32.01.25-001'),(258,10,'32.01.25-001'),(274,11,'32.01.25-001'),(276,12,'32.01.25-001'),(305,13,'32.01.25-001'),(311,14,'32.01.25-001'),(343,15,'32.01.25-001'),(353,16,'32.01.25-001'),(374,17,'32.01.25-001'),(383,18,'32.01.25-001'),(404,19,'32.01.25-001'),(411,20,'32.01.25-001'),(430,21,'32.01.25-001'),(441,22,'32.01.25-001'),(457,23,'32.01.25-001'),(467,24,'32.01.25-001'),(486,25,'32.01.25-001'),(495,26,'32.01.25-001'),(499,27,'32.01.25-001'),(514,28,'32.01.25-001'),(540,30,'32.01.25-001'),(8,1,'32.01.25-003'),(71,3,'32.01.25-003'),(89,4,'32.01.25-003'),(109,5,'32.01.25-003'),(147,6,'32.01.25-003'),(178,7,'32.01.25-003'),(204,8,'32.01.25-003'),(230,9,'32.01.25-003'),(256,10,'32.01.25-003'),(319,14,'32.01.25-003'),(329,15,'32.01.25-003'),(349,16,'32.01.25-003'),(402,19,'32.01.25-003'),(519,28,'32.01.25-003'),(5,1,'32.01.25-004'),(30,2,'32.01.25-004'),(68,3,'32.01.25-004'),(94,4,'32.01.25-004'),(127,5,'32.01.25-004'),(190,8,'32.01.25-004'),(257,10,'32.01.25-004'),(269,11,'32.01.25-004'),(371,17,'32.01.25-004'),(387,18,'32.01.25-004'),(460,23,'32.01.25-004'),(496,26,'32.01.25-004'),(525,29,'32.01.25-004'),(163,7,'32.01.25-005'),(286,12,'32.01.25-005'),(17,1,'32.01.25-006'),(43,2,'32.01.25-006'),(66,3,'32.01.25-006'),(87,4,'32.01.25-006'),(117,5,'32.01.25-006'),(141,6,'32.01.25-006'),(169,7,'32.01.25-006'),(187,8,'32.01.25-006'),(215,9,'32.01.25-006'),(240,10,'32.01.25-006'),(261,11,'32.01.25-006'),(289,12,'32.01.25-006'),(306,13,'32.01.25-006'),(313,14,'32.01.25-006'),(327,15,'32.01.25-006'),(363,17,'32.01.25-006'),(381,18,'32.01.25-006'),(403,19,'32.01.25-006'),(423,20,'32.01.25-006'),(439,21,'32.01.25-006'),(447,22,'32.01.25-006'),(464,24,'32.01.25-006'),(484,25,'32.01.25-006'),(503,27,'32.01.25-006'),(518,28,'32.01.25-006'),(524,29,'32.01.25-006'),(16,1,'32.01.25-008'),(31,2,'32.01.25-008'),(74,3,'32.01.25-008'),(98,4,'32.01.25-008'),(107,5,'32.01.25-008'),(136,6,'32.01.25-008'),(175,7,'32.01.25-008'),(198,8,'32.01.25-008'),(219,9,'32.01.25-008'),(254,10,'32.01.25-008'),(287,12,'32.01.25-008'),(301,13,'32.01.25-008'),(366,17,'32.01.25-008'),(386,18,'32.01.25-008'),(425,20,'32.01.25-008'),(440,22,'32.01.25-008'),(459,23,'32.01.25-008'),(509,27,'32.01.25-008'),(7,1,'32.01.25-009'),(161,7,'32.01.25-009'),(191,8,'32.01.25-009'),(250,10,'32.01.25-009'),(426,20,'32.01.25-009'),(18,1,'32.01.26-001'),(36,2,'32.01.26-001'),(62,3,'32.01.26-001'),(80,4,'32.01.26-001'),(105,5,'32.01.26-001'),(158,7,'32.01.26-001'),(181,8,'32.01.26-001'),(218,9,'32.01.26-001'),(245,10,'32.01.26-001'),(265,11,'32.01.26-001'),(283,12,'32.01.26-001'),(308,13,'32.01.26-001'),(324,14,'32.01.26-001'),(340,15,'32.01.26-001'),(347,16,'32.01.26-001'),(391,18,'32.01.26-001'),(400,19,'32.01.26-001'),(414,20,'32.01.26-001'),(428,21,'32.01.26-001'),(444,22,'32.01.26-001'),(453,23,'32.01.26-001'),(468,24,'32.01.26-001'),(475,25,'32.01.26-001'),(490,26,'32.01.26-001'),(506,27,'32.01.26-001'),(521,28,'32.01.26-001'),(527,29,'32.01.26-001'),(545,30,'32.01.26-001'),(547,31,'32.01.26-001'),(9,1,'32.01.26-002'),(37,2,'32.01.26-002'),(61,3,'32.01.26-002'),(81,4,'32.01.26-002'),(112,5,'32.01.26-002'),(149,6,'32.01.26-002'),(155,7,'32.01.26-002'),(201,8,'32.01.26-002'),(223,9,'32.01.26-002'),(239,10,'32.01.26-002'),(271,11,'32.01.26-002'),(282,12,'32.01.26-002'),(304,13,'32.01.26-002'),(326,14,'32.01.26-002'),(335,15,'32.01.26-002'),(385,18,'32.01.26-002'),(406,19,'32.01.26-002'),(417,20,'32.01.26-002'),(435,21,'32.01.26-002'),(448,22,'32.01.26-002'),(456,23,'32.01.26-002'),(470,24,'32.01.26-002'),(478,25,'32.01.26-002'),(494,26,'32.01.26-002'),(505,27,'32.01.26-002'),(529,29,'32.01.26-002'),(548,32,'32.01.26-002'),(12,1,'32.01.26-003'),(48,2,'32.01.26-003'),(64,3,'32.01.26-003'),(83,4,'32.01.26-003'),(114,5,'32.01.26-003'),(145,6,'32.01.26-003'),(166,7,'32.01.26-003'),(185,8,'32.01.26-003'),(226,9,'32.01.26-003'),(233,10,'32.01.26-003'),(262,11,'32.01.26-003'),(302,13,'32.01.26-003'),(323,14,'32.01.26-003'),(358,16,'32.01.26-003'),(375,17,'32.01.26-003'),(396,19,'32.01.26-003'),(433,21,'32.01.26-003'),(454,23,'32.01.26-003'),(471,24,'32.01.26-003'),(480,25,'32.01.26-003'),(497,26,'32.01.26-003'),(508,27,'32.01.26-003'),(21,1,'32.01.26-004'),(44,2,'32.01.26-004'),(53,3,'32.01.26-004'),(88,4,'32.01.26-004'),(119,5,'32.01.26-004'),(148,6,'32.01.26-004'),(170,7,'32.01.26-004'),(200,8,'32.01.26-004'),(217,9,'32.01.26-004'),(253,10,'32.01.26-004'),(266,11,'32.01.26-004'),(295,13,'32.01.26-004'),(314,14,'32.01.26-004'),(342,15,'32.01.26-004'),(346,16,'32.01.26-004'),(370,17,'32.01.26-004'),(379,18,'32.01.26-004'),(416,20,'32.01.26-004'),(438,21,'32.01.26-004'),(442,22,'32.01.26-004'),(465,24,'32.01.26-004'),(492,26,'32.01.26-004'),(507,27,'32.01.26-004'),(511,28,'32.01.26-004'),(528,29,'32.01.26-004'),(535,30,'32.01.26-004'),(322,14,'32.01.26-007'),(331,15,'32.01.26-007'),(405,19,'32.01.26-007'),(420,20,'32.01.26-007'),(500,27,'32.01.26-007'),(206,8,'32.01.26-008'),(2,1,'32.01.26-009'),(153,6,'32.01.26-009'),(174,7,'32.01.26-009'),(320,14,'32.01.26-009'),(382,18,'32.01.26-009');
/*!40000 ALTER TABLE `skipitinerary` ENABLE KEYS */;
UNLOCK TABLES;
/*!40103 SET TIME_ZONE=@OLD_TIME_ZONE */;

/*!40101 SET SQL_MODE=@OLD_SQL_MODE */;
/*!40014 SET FOREIGN_KEY_CHECKS=@OLD_FOREIGN_KEY_CHECKS */;
/*!40014 SET UNIQUE_CHECKS=@OLD_UNIQUE_CHECKS */;
/*!40101 SET CHARACTER_SET_CLIENT=@OLD_CHARACTER_SET_CLIENT */;
/*!40101 SET CHARACTER_SET_RESULTS=@OLD_CHARACTER_SET_RESULTS */;
/*!40101 SET COLLATION_CONNECTION=@OLD_COLLATION_CONNECTION */;
/*!40111 SET SQL_NOTES=@OLD_SQL_NOTES */;

-- Dump completed on 2025-11-07 23:00:16
